toolgroup,kpi,in_g_star,direction,n_base,n_fwd,mean_base,mean_fwd,delta_mean,lb_pvalue,lb_independent,t_stat,t_p,t_p_adj,alpha,status,kpi_significant,anchor_tg
DE_BE_11,q_time_min,0,greater,30.0,30.0,0.0,0.0,0.0,1.0,1.0,,1.0,1.0,0.05,ok,0,DE_BE_66
DE_BE_11,wait_ratio,0,greater,30.0,30.0,0.0,0.0,0.0,1.0,1.0,,1.0,1.0,0.05,ok,0,DE_BE_66
DE_BE_11,wip,0,greater,30.0,30.0,0.06666666666666667,0.0,-0.06666666666666667,0.1476491644249785,1.0,-0.4411698907260347,0.6688191133649801,1.0,0.05,ok,0,DE_BE_66
DE_BE_11,available_tool_ratio,0,less,30.0,30.0,0.0,0.0,0.0,1.0,1.0,,1.0,1.0,0.05,ok,0,DE_BE_66
DE_BE_11,utilization_avg,0,greater,30.0,30.0,0.0056608110898940306,0.0119938491213609,0.006333038031466869,0.06334392588289675,1.0,0.3519646721334255,0.36370478909106246,0.9637096774193552,0.05,ok,0,DE_BE_66
DE_BE_12,q_time_min,0,greater,30.0,30.0,0.0,0.0,0.0,1.0,1.0,,1.0,1.0,0.05,ok,0,DE_BE_66
DE_BE_12,wait_ratio,0,greater,30.0,30.0,0.0,0.0,0.0,1.0,1.0,,1.0,1.0,0.05,ok,0,DE_BE_66
DE_BE_12,wip,0,greater,30.0,30.0,0.0,0.0,0.0,0.07842704896482573,1.0,0.0,0.5,0.9637096774193552,0.05,ok,0,DE_BE_66
DE_BE_12,available_tool_ratio,0,less,30.0,30.0,0.0,0.0,0.0,1.0,1.0,,1.0,1.0,0.05,ok,0,DE_BE_66
DE_BE_12,utilization_avg,0,greater,30.0,30.0,0.0,0.0,0.0,0.050757624323736796,1.0,0.0,0.5,0.9637096774193552,0.05,ok,0,DE_BE_66
DE_BE_13,q_time_min,0,greater,30.0,30.0,0.0,0.0,0.0,1.0,1.0,,1.0,1.0,0.05,ok,0,DE_BE_66
DE_BE_13,wait_ratio,0,greater,30.0,30.0,0.0,0.0,0.0,1.0,1.0,,1.0,1.0,0.05,ok,0,DE_BE_66
DE_BE_13,wip,0,greater,30.0,30.0,0.16666666666666666,0.0,-0.16666666666666666,0.4038298040402083,1.0,-0.6337681357259103,0.7344002397452487,1.0,0.05,ok,0,DE_BE_66
DE_BE_13,available_tool_ratio,0,less,30.0,30.0,0.0,0.0,0.0,1.0,1.0,,1.0,1.0,0.05,ok,0,DE_BE_66
DE_BE_13,utilization_avg,0,greater,30.0,30.0,0.0061320365511800924,0.0334302078124233,0.027298171261243207,0.17291236016327355,1.0,2.687918427597328,0.0058926393937429565,0.055165171398335794,0.05,ok,0,DE_BE_66
DE_BE_48,q_time_min,0,greater,30.0,30.0,0.0,0.0,0.0,1.0,1.0,,1.0,1.0,0.05,ok,0,DE_BE_66
DE_BE_48,wait_ratio,0,greater,30.0,30.0,0.0,0.0,0.0,1.0,1.0,,1.0,1.0,0.05,ok,0,DE_BE_66
DE_BE_48,wip,0,greater,30.0,30.0,0.0,0.0,0.0,1.0,1.0,,1.0,1.0,0.05,ok,0,DE_BE_66
DE_BE_48,available_tool_ratio,0,less,30.0,30.0,0.0,0.0,0.0,1.0,1.0,,1.0,1.0,0.05,ok,0,DE_BE_66
DE_BE_48,utilization_avg,0,greater,30.0,30.0,0.0,0.0,0.0,1.0,1.0,,1.0,1.0,0.05,ok,0,DE_BE_66
DE_BE_50,q_time_min,0,greater,30.0,30.0,0.0,0.0,0.0,1.0,1.0,,1.0,1.0,0.05,ok,0,DE_BE_66
DE_BE_50,wait_ratio,0,greater,30.0,30.0,0.0,0.0,0.0,1.0,1.0,,1.0,1.0,0.05,ok,0,DE_BE_66
DE_BE_50,wip,0,greater,30.0,30.0,-0.03333333333333333,0.0,0.03333333333333333,0.2558015446977413,1.0,0.13026506712128294,0.4486280614032421,0.9637096774193552,0.05,ok,0,DE_BE_66
DE_BE_50,available_tool_ratio,0,less,30.0,30.0,0.0,0.0,0.0,1.0,1.0,,1.0,1.0,0.05,ok,0,DE_BE_66
DE_BE_50,utilization_avg,0,greater,30.0,30.0,-0.0007327617925673435,0.0,0.0007327617925673435,0.33704390910688825,1.0,0.02973071448160819,0.4882427418629298,0.9637096774193552,0.05,ok,0,DE_BE_66
DE_BE_65,q_time_min,0,greater,30.0,30.0,0.0,0.0,0.0,1.0,1.0,,1.0,1.0,0.05,ok,0,DE_BE_66
DE_BE_65,wait_ratio,0,greater,30.0,30.0,0.0,0.0,0.0,1.0,1.0,,1.0,1.0,0.05,ok,0,DE_BE_66
DE_BE_65,wip,0,greater,30.0,30.0,0.06666666666666667,0.0,-0.06666666666666667,0.05904602066232894,1.0,-0.28421812801032514,0.6108686015118912,1.0,0.05,ok,0,DE_BE_66
DE_BE_65,available_tool_ratio,0,less,30.0,30.0,0.0,0.0,0.0,1.0,1.0,,1.0,1.0,0.05,ok,0,DE_BE_66
DE_BE_65,utilization_avg,0,greater,30.0,30.0,0.001078092429397659,0.0787683382291814,0.07769024579978374,0.09484382555163191,1.0,6.510723019134272,1.981948081569833e-07,2.5604626567307573e-06,0.05,ok,1,DE_BE_66
DE_BE_67,q_time_min,0,greater,30.0,30.0,0.0,0.0,0.0,1.0,1.0,,1.0,1.0,0.05,ok,0,DE_BE_66
DE_BE_67,wait_ratio,0,greater,30.0,30.0,0.0,0.0,0.0,1.0,1.0,,1.0,1.0,0.05,ok,0,DE_BE_66
DE_BE_67,wip,0,greater,30.0,30.0,0.03333333333333333,0.0,-0.03333333333333333,0.6811886228684192,1.0,-0.18267920406970162,0.5718395797691976,1.0,0.05,ok,0,DE_BE_66
DE_BE_67,available_tool_ratio,0,less,30.0,30.0,0.0,0.0,0.0,1.0,1.0,,1.0,1.0,0.05,ok,0,DE_BE_66
DE_BE_67,utilization_avg,0,greater,30.0,30.0,0.0034519506288971658,-0.020225185533581692,-0.023677136162478858,0.44023240885327486,1.0,-1.589556284186374,0.9386105017399424,1.0,0.05,ok,0,DE_BE_66
DE_BE_69,q_time_min,0,greater,30.0,30.0,0.0,0.0,0.0,1.0,1.0,,1.0,1.0,0.05,ok,0,DE_BE_66
DE_BE_69,wait_ratio,0,greater,30.0,30.0,0.0,0.0,0.0,1.0,1.0,,1.0,1.0,0.05,ok,0,DE_BE_66
DE_BE_69,wip,0,greater,30.0,30.0,0.0,0.0,0.0,1.0,1.0,,1.0,1.0,0.05,ok,0,DE_BE_66
DE_BE_69,available_tool_ratio,0,less,30.0,30.0,0.0,0.0,0.0,1.0,1.0,,1.0,1.0,0.05,ok,0,DE_BE_66
DE_BE_69,utilization_avg,0,greater,30.0,30.0,0.0,0.0,0.0,1.0,1.0,,1.0,1.0,0.05,ok,0,DE_BE_66
DE_FE_1,q_time_min,0,greater,30.0,30.0,0.0,0.0,0.0,1.0,1.0,,1.0,1.0,0.05,ok,0,DE_BE_66
DE_FE_1,wait_ratio,0,greater,30.0,30.0,0.0,0.0,0.0,1.0,1.0,,1.0,1.0,0.05,ok,0,DE_BE_66
DE_FE_1,wip,0,greater,30.0,30.0,-0.06666666666666667,0.0,0.06666666666666667,0.5915241091171227,1.0,0.15852439140074773,0.43757119289430835,0.9637096774193552,0.05,ok,0,DE_BE_66
DE_FE_1,available_tool_ratio,0,less,30.0,30.0,0.0,0.0,0.0,0.47625875362560854,1.0,0.0,0.5,0.9637096774193552,0.05,ok,0,DE_BE_66
DE_FE_1,utilization_avg,0,greater,30.0,30.0,-0.013790155826386328,0.11638244449847364,0.13017260032485997,0.7652585641290762,1.0,2.6802612620849637,0.006001232034965401,0.055165171398335794,0.05,ok,0,DE_BE_66
DE_FE_51,q_time_min,0,greater,30.0,30.0,0.0,0.0,0.0,0.6019107739901391,1.0,0.0,0.5,0.9637096774193552,0.05,ok,0,DE_BE_66
DE_FE_51,wait_ratio,0,greater,30.0,30.0,0.0,0.0,0.0,0.6019107739901391,1.0,0.0,0.5,0.9637096774193552,0.05,ok,0,DE_BE_66
DE_FE_51,wip,0,greater,30.0,30.0,0.1,0.0,-0.1,0.10568967678662336,1.0,-0.08533558979745899,0.533709485313069,1.0,0.05,ok,0,DE_BE_66
DE_FE_51,available_tool_ratio,0,less,30.0,30.0,0.0,0.0,0.0,7.852733310606391e-05,0.0,0.0,0.5,,0.05,autocorrelated,0,DE_BE_66
DE_FE_51,utilization_avg,0,greater,30.0,30.0,-0.006105654385669594,0.20251747926001892,0.20862313364568852,0.4955119041181495,1.0,4.253138201219406,0.00010020765808339974,0.0010886195582696608,0.05,ok,1,DE_BE_66
DE_FE_53,q_time_min,0,greater,30.0,30.0,0.0,0.0,0.0,0.6019107739901391,1.0,0.0,0.5,0.9637096774193552,0.05,ok,0,DE_BE_66
DE_FE_53,wait_ratio,0,greater,30.0,30.0,0.0,0.0,0.0,0.6019107739901391,1.0,0.0,0.5,0.9637096774193552,0.05,ok,0,DE_BE_66
DE_FE_53,wip,0,greater,30.0,30.0,0.13333333333333333,0.0,-0.13333333333333333,0.7528597277297038,1.0,-0.29689374640860144,0.6156681077820001,1.0,0.05,ok,0,DE_BE_66
DE_FE_53,available_tool_ratio,0,less,30.0,30.0,0.0,0.0,0.0,1.0,1.0,,1.0,1.0,0.05,ok,0,DE_BE_66
DE_FE_53,utilization_avg,0,greater,30.0,30.0,0.00807978392050912,0.5576064823847263,0.5495266984642172,0.6441361545306217,1.0,7.5333238551086845,1.3228258242484313e-08,1.8066021256878578e-07,0.05,ok,1,DE_BE_66
DE_FE_54,q_time_min,0,greater,30.0,30.0,0.0,0.0,0.0,0.004590506471684803,0.0,0.0,0.5,,0.05,autocorrelated,0,DE_BE_66
DE_FE_54,wait_ratio,0,greater,30.0,30.0,0.0,0.0,0.0,0.0371337106842887,1.0,0.0,0.5,0.9637096774193552,0.05,ok,0,DE_BE_66
DE_FE_54,wip,0,greater,30.0,30.0,0.13333333333333333,0.0,-0.13333333333333333,0.22536338977058418,1.0,-0.2642677568696019,0.6032786622761086,1.0,0.05,ok,0,DE_BE_66
DE_FE_54,available_tool_ratio,0,less,30.0,30.0,0.005555555555555554,0.0,-0.005555555555555554,0.9999999997232465,1.0,-1.0,0.16279099400809668,0.7989692246186956,0.05,ok,0,DE_BE_66
DE_FE_54,utilization_avg,0,greater,30.0,30.0,0.020398167136850293,0.3054190268014988,0.2850208596646485,0.08268601742061601,1.0,3.32632831591485,0.0011990321315533954,0.011696680793520877,0.05,ok,1,DE_BE_66
DE_FE_56,q_time_min,0,greater,30.0,30.0,0.0,0.0,0.0,1.0,1.0,,1.0,1.0,0.05,ok,0,DE_BE_66
DE_FE_56,wait_ratio,0,greater,30.0,30.0,0.0,0.0,0.0,1.0,1.0,,1.0,1.0,0.05,ok,0,DE_BE_66
DE_FE_56,wip,0,greater,30.0,30.0,0.0,0.0,0.0,1.0,1.0,,1.0,1.0,0.05,ok,0,DE_BE_66
DE_FE_56,available_tool_ratio,0,less,30.0,30.0,0.0,0.0,0.0,1.0,1.0,,1.0,1.0,0.05,ok,0,DE_BE_66
DE_FE_56,utilization_avg,0,greater,30.0,30.0,0.0,0.0,0.0,1.0,1.0,,1.0,1.0,0.05,ok,0,DE_BE_66
DE_FE_58,q_time_min,0,greater,30.0,30.0,0.0,0.0,0.0,0.04305938745808594,1.0,0.0,0.5,0.9637096774193552,0.05,ok,0,DE_BE_66
DE_FE_58,wait_ratio,0,greater,30.0,30.0,-3.7007434154171884e-18,0.0,3.7007434154171884e-18,0.008704481793786288,0.0,5.616042653796283e-17,0.5,,0.05,autocorrelated,0,DE_BE_66
DE_FE_58,wip,0,greater,30.0,30.0,0.0,0.0,0.0,0.05017226815250455,1.0,0.0,0.5,0.9637096774193552,0.05,ok,0,DE_BE_66
DE_FE_58,available_tool_ratio,0,less,30.0,30.0,0.0,0.0,0.0,1.0,1.0,,1.0,1.0,0.05,ok,0,DE_BE_66
DE_FE_58,utilization_avg,0,greater,30.0,30.0,0.0,0.0,0.0,0.01892390104903225,1.0,0.0,0.5,0.9637096774193552,0.05,ok,0,DE_BE_66
DE_FE_59,q_time_min,0,greater,30.0,30.0,0.0,0.0,0.0,1.0,1.0,,1.0,1.0,0.05,ok,0,DE_BE_66
DE_FE_59,wait_ratio,0,greater,30.0,30.0,0.0,0.0,0.0,1.0,1.0,,1.0,1.0,0.05,ok,0,DE_BE_66
DE_FE_59,wip,0,greater,30.0,30.0,0.1,0.0,-0.1,0.46173020923998753,1.0,-0.12456451696653188,0.5491361165287849,1.0,0.05,ok,0,DE_BE_66
DE_FE_59,available_tool_ratio,0,less,30.0,30.0,0.0,0.0,0.0,0.47625875362560854,1.0,0.0,0.5,0.9637096774193552,0.05,ok,0,DE_BE_66
DE_FE_59,utilization_avg,0,greater,30.0,30.0,0.00947567047759567,0.005171142835905473,-0.0043045276416901965,0.9283482059842892,1.0,-0.10575536011980106,0.5417477010943419,1.0,0.05,ok,0,DE_BE_66
DE_FE_62,q_time_min,0,greater,30.0,30.0,0.0,0.0,0.0,1.0,1.0,,1.0,1.0,0.05,ok,0,DE_BE_66
DE_FE_62,wait_ratio,0,greater,30.0,30.0,0.0,0.0,0.0,1.0,1.0,,1.0,1.0,0.05,ok,0,DE_BE_66
DE_FE_62,wip,0,greater,30.0,30.0,-0.03333333333333333,0.0,0.03333333333333333,0.30438289700023513,1.0,0.055576261511011284,0.47803025599434207,0.9637096774193552,0.05,ok,0,DE_BE_66
DE_FE_62,available_tool_ratio,0,less,30.0,30.0,0.0,0.0,0.0,1.0,1.0,,1.0,1.0,0.05,ok,0,DE_BE_66
DE_FE_62,utilization_avg,0,greater,30.0,30.0,-8.08768746580498e-05,0.0,8.08768746580498e-05,0.35255677895383863,1.0,0.0022724309077871083,0.4991012121566719,0.9637096774193552,0.05,ok,0,DE_BE_66
DE_FE_70,q_time_min,0,greater,30.0,30.0,0.0,0.0,0.0,1.0,1.0,,1.0,1.0,0.05,ok,0,DE_BE_66
DE_FE_70,wait_ratio,0,greater,30.0,30.0,0.0,0.0,0.0,1.0,1.0,,1.0,1.0,0.05,ok,0,DE_BE_66
DE_FE_70,wip,0,greater,30.0,30.0,0.0,0.0,0.0,0.09236062189106299,1.0,0.0,0.5,0.9637096774193552,0.05,ok,0,DE_BE_66
DE_FE_70,available_tool_ratio,0,less,30.0,30.0,0.0,0.0,0.0,1.0,1.0,,1.0,1.0,0.05,ok,0,DE_BE_66
DE_FE_70,utilization_avg,0,greater,30.0,30.0,-1.8503717077085942e-18,0.0,1.8503717077085942e-18,0.3051901593352069,1.0,5.3394405207112804e-17,0.5,0.9637096774193552,0.05,ok,0,DE_BE_66
DE_FE_71,q_time_min,0,greater,30.0,30.0,0.0,0.0,0.0,1.0,1.0,,1.0,1.0,0.05,ok,0,DE_BE_66
DE_FE_71,wait_ratio,0,greater,30.0,30.0,0.0,0.0,0.0,1.0,1.0,,1.0,1.0,0.05,ok,0,DE_BE_66
DE_FE_71,wip,0,greater,30.0,30.0,-0.1,2.0,2.1,0.5428697925827045,1.0,2.1312170109291384,0.020836759462525455,0.1763652618628786,0.05,ok,0,DE_BE_66
DE_FE_71,available_tool_ratio,0,less,30.0,30.0,-0.0021505376344086004,0.0,0.0021505376344086004,0.9082770395157315,1.0,0.49365724849494097,0.6873667831857333,1.0,0.05,ok,0,DE_BE_66
DE_FE_71,utilization_avg,0,greater,30.0,30.0,-0.004740615689957281,0.0379798045973216,0.04272042028727888,0.3117390698882419,1.0,1.4070305492014197,0.08502296457349667,0.5278048969627456,0.05,ok,0,DE_BE_66
DE_FE_72,q_time_min,0,greater,30.0,30.0,0.0,0.0,0.0,1.0,1.0,,1.0,1.0,0.05,ok,0,DE_BE_66
DE_FE_72,wait_ratio,0,greater,30.0,30.0,0.0,0.0,0.0,1.0,1.0,,1.0,1.0,0.05,ok,0,DE_BE_66
DE_FE_72,wip,0,greater,30.0,30.0,0.0,0.0,0.0,0.00264283368071348,0.0,0.0,0.5,,0.05,autocorrelated,0,DE_BE_66
DE_FE_72,available_tool_ratio,0,less,30.0,30.0,0.0,0.0,0.0,1.0,1.0,,1.0,1.0,0.05,ok,0,DE_BE_66
DE_FE_72,utilization_avg,0,greater,30.0,30.0,0.0,0.0,0.0,0.0048945486018648005,0.0,0.0,0.5,,0.05,autocorrelated,0,DE_BE_66
DE_FE_86,q_time_min,0,greater,30.0,30.0,0.0,0.0,0.0,0.6019107739901391,1.0,0.0,0.5,0.9637096774193552,0.05,ok,0,DE_BE_66
DE_FE_86,wait_ratio,0,greater,30.0,30.0,0.0,0.0,0.0,0.6019107739901391,1.0,0.0,0.5,0.9637096774193552,0.05,ok,0,DE_BE_66
DE_FE_86,wip,0,greater,30.0,30.0,0.13333333333333333,-1.0,-1.1333333333333333,0.01677442057813575,1.0,-0.5781210592636641,0.7161775003382009,1.0,0.05,ok,0,DE_BE_66
DE_FE_86,available_tool_ratio,0,less,30.0,30.0,-0.0006666666666666673,0.0,0.0006666666666666673,0.6151651078029695,1.0,0.5934869169979878,0.7212718213098437,1.0,0.05,ok,0,DE_BE_66
DE_FE_86,utilization_avg,0,greater,30.0,30.0,0.0008221590834774731,0.019325380120409984,0.01850322103693251,0.020669779633870185,1.0,1.2877247056631207,0.10401176495393477,0.5990075138310942,0.05,ok,0,DE_BE_66
DefMet_BE_33,q_time_min,0,greater,30.0,30.0,0.0,0.0,0.0,1.0,1.0,,1.0,1.0,0.05,ok,0,DE_BE_66
DefMet_BE_33,wait_ratio,0,greater,30.0,30.0,0.0,0.0,0.0,1.0,1.0,,1.0,1.0,0.05,ok,0,DE_BE_66
DefMet_BE_33,wip,0,greater,30.0,30.0,0.0,0.0,0.0,0.011197891082483931,1.0,0.0,0.5,0.9637096774193552,0.05,ok,0,DE_BE_66
DefMet_BE_33,available_tool_ratio,0,less,30.0,30.0,0.0,0.0,0.0,1.0,1.0,,1.0,1.0,0.05,ok,0,DE_BE_66
DefMet_BE_33,utilization_avg,0,greater,30.0,30.0,-0.0025378816859008817,-0.20022141412585662,-0.19768353243995573,0.23296498676606214,1.0,-3.517240090945321,0.9992715690405979,1.0,0.05,ok,0,DE_BE_66
DefMet_BE_42,q_time_min,0,greater,30.0,30.0,-0.40070557102966026,0.0,0.40070557102966026,0.3388646131865063,1.0,0.04123232426818669,0.48369662862036206,0.9637096774193552,0.05,ok,0,DE_BE_66
DefMet_BE_42,wait_ratio,0,greater,30.0,30.0,-0.06666666666666667,0.0,0.06666666666666667,0.09755637471992429,1.0,0.1491283467476287,0.44124230021499067,0.9637096774193552,0.05,ok,0,DE_BE_66
DefMet_BE_42,wip,0,greater,30.0,30.0,-0.1,0.0,0.1,0.03604335934050421,1.0,0.23267605294259092,0.4088236601895638,0.9637096774193552,0.05,ok,0,DE_BE_66
DefMet_BE_42,available_tool_ratio,0,less,30.0,30.0,0.0,0.0,0.0,1.0,1.0,,1.0,1.0,0.05,ok,0,DE_BE_66
DefMet_BE_42,utilization_avg,0,greater,30.0,30.0,-0.005563468133055316,-0.1319323403349699,-0.1263688722019146,0.33307347330415105,1.0,-2.27229969337814,0.9846688793919134,1.0,0.05,ok,0,DE_BE_66
DefMet_FE_10,q_time_min,0,greater,30.0,30.0,0.0,0.0,0.0,0.22682339911912175,1.0,0.0,0.5,0.9637096774193552,0.05,ok,0,DE_BE_66
DefMet_FE_10,wait_ratio,0,greater,30.0,30.0,0.0,0.0,0.0,0.22274788515634256,1.0,0.0,0.5,0.9637096774193552,0.05,ok,0,DE_BE_66
DefMet_FE_10,wip,0,greater,30.0,30.0,-0.06666666666666667,0.0,0.06666666666666667,0.014954315229055975,1.0,0.14050381000626413,0.4446166650001353,0.9637096774193552,0.05,ok,0,DE_BE_66
DefMet_FE_10,available_tool_ratio,0,less,30.0,30.0,0.0,0.0,0.0,1.0,1.0,,1.0,1.0,0.05,ok,0,DE_BE_66
DefMet_FE_10,utilization_avg,0,greater,30.0,30.0,-0.004469989602800565,-0.3967381390688389,-0.3922681494660384,0.0007186338560418674,0.0,-6.503624967972435,0.999999797968263,,0.05,autocorrelated,0,DE_BE_66
DefMet_FE_106,q_time_min,0,greater,30.0,30.0,0.0,0.0,0.0,1.0,1.0,,1.0,1.0,0.05,ok,0,DE_BE_66
DefMet_FE_106,wait_ratio,0,greater,30.0,30.0,0.0,0.0,0.0,1.0,1.0,,1.0,1.0,0.05,ok,0,DE_BE_66
DefMet_FE_106,wip,0,greater,30.0,30.0,0.0,0.0,0.0,1.0,1.0,,1.0,1.0,0.05,ok,0,DE_BE_66
DefMet_FE_106,available_tool_ratio,0,less,30.0,30.0,0.0,0.0,0.0,1.0,1.0,,1.0,1.0,0.05,ok,0,DE_BE_66
DefMet_FE_106,utilization_avg,0,greater,30.0,30.0,0.0,0.0,0.0,1.0,1.0,,1.0,1.0,0.05,ok,0,DE_BE_66
DefMet_FE_34,q_time_min,0,greater,30.0,30.0,-0.5181278115520401,0.0,0.5181278115520401,0.002631748159451378,0.0,0.15657402883567578,0.4383327609524959,,0.05,autocorrelated,0,DE_BE_66
DefMet_FE_34,wait_ratio,0,greater,30.0,30.0,-0.016666666666666666,0.0,0.016666666666666666,0.004697560907831969,0.0,0.06901222219494492,0.47272678015998937,,0.05,autocorrelated,0,DE_BE_66
DefMet_FE_34,wip,0,greater,30.0,30.0,-0.06666666666666667,0.0,0.06666666666666667,0.07564583446283688,1.0,0.12643879772447628,0.4501285839567611,0.9637096774193552,0.05,ok,0,DE_BE_66
DefMet_FE_34,available_tool_ratio,0,less,30.0,30.0,0.0,0.0,0.0,1.0,1.0,,1.0,1.0,0.05,ok,0,DE_BE_66
DefMet_FE_34,utilization_avg,0,greater,30.0,30.0,-0.009948357288988824,0.08566925005085677,0.09561760733984559,0.2993526560887897,1.0,1.5266000202674737,0.06884722945565266,0.5142027449969059,0.05,ok,0,DE_BE_66
DefMet_FE_43,q_time_min,0,greater,30.0,30.0,-6.809367884367627e-16,120.0,120.0,0.7976064230015973,1.0,38.806758345747895,7.519438799264555e-27,1.3824199023263296e-25,0.05,ok,1,DE_BE_66
DefMet_FE_43,wait_ratio,0,greater,30.0,30.0,-1.4802973661668754e-17,1.0,1.0,0.18767475107583353,1.0,5.828347213099313,1.2766816986214095e-06,1.564753466515471e-05,0.05,ok,1,DE_BE_66
DefMet_FE_43,wip,0,greater,30.0,30.0,-0.06666666666666667,6.0,6.066666666666666,0.19559517803553994,1.0,5.231684867777573,6.661246925940374e-06,7.960190076498747e-05,0.05,ok,1,DE_BE_66
DefMet_FE_43,available_tool_ratio,0,less,30.0,30.0,0.0,0.0,0.0,1.0,1.0,,1.0,1.0,0.05,ok,0,DE_BE_66
DefMet_FE_43,utilization_avg,0,greater,30.0,30.0,0.0045423800005018,-0.39433905765476485,-0.3988814376552666,0.08082922977764363,1.0,-11.635160235745987,0.9999999999990444,1.0,0.05,ok,0,DE_BE_66
Delay_32,q_time_min,0,greater,30.0,30.0,0.0,0.0,0.0,1.0,1.0,,1.0,1.0,0.05,ok,0,DE_BE_66
Delay_32,wait_ratio,0,greater,30.0,30.0,0.0,0.0,0.0,1.0,1.0,,1.0,1.0,0.05,ok,0,DE_BE_66
Delay_32,wip,0,greater,30.0,30.0,-0.4666666666666667,1.0,1.4666666666666668,0.31352252920971596,1.0,0.8335568896379881,0.20567199768882477,0.9362972847167452,0.05,ok,0,DE_BE_66
Delay_32,available_tool_ratio,0,less,30.0,30.0,0.0,0.0,0.0,1.0,1.0,,1.0,1.0,0.05,ok,0,DE_BE_66
Delay_32,utilization_avg,0,greater,30.0,30.0,-2.49665475385868e-05,-0.016424582647880593,-0.016399616100342008,0.045600094030677225,1.0,-3.8340439629067884,0.9996866929642104,1.0,0.05,ok,0,DE_BE_66
Dielectric_BE_20,q_time_min,0,greater,30.0,30.0,0.0,0.0,0.0,1.0,1.0,,1.0,1.0,0.05,ok,0,DE_BE_66
Dielectric_BE_20,wait_ratio,0,greater,30.0,30.0,0.0,0.0,0.0,1.0,1.0,,1.0,1.0,0.05,ok,0,DE_BE_66
Dielectric_BE_20,wip,0,greater,30.0,30.0,0.0,0.13333333333333333,0.13333333333333333,0.5832294596611848,1.0,0.7504044217063921,0.22886535663984753,0.9637096774193552,0.05,ok,0,DE_BE_66
Dielectric_BE_20,available_tool_ratio,0,less,30.0,30.0,0.0,-0.022222222222222216,-0.022222222222222216,0.13925584241043648,1.0,-1.2782029638916539,0.10331620224795035,0.5990075138310942,0.05,ok,0,DE_BE_66
Dielectric_BE_20,utilization_avg,0,greater,30.0,30.0,0.0,0.0,0.0,0.8268923975432703,1.0,0.0,0.5,0.9637096774193552,0.05,ok,0,DE_BE_66
Dielectric_BE_21,q_time_min,0,greater,30.0,30.0,0.0,0.0,0.0,1.0,1.0,,1.0,1.0,0.05,ok,0,DE_BE_66
Dielectric_BE_21,wait_ratio,0,greater,30.0,30.0,0.0,0.0,0.0,1.0,1.0,,1.0,1.0,0.05,ok,0,DE_BE_66
Dielectric_BE_21,wip,0,greater,30.0,30.0,0.03333333333333333,0.1,0.06666666666666668,0.020848250369524323,1.0,0.2684207321370572,0.3950474769903791,0.9637096774193552,0.05,ok,0,DE_BE_66
Dielectric_BE_21,available_tool_ratio,0,less,30.0,30.0,0.003703703703703705,-0.011111111111111117,-0.014814814814814822,0.05799666407146802,1.0,-1.0638173325685063,0.1467118851026479,0.7790946318058827,0.05,ok,0,DE_BE_66
Dielectric_BE_21,utilization_avg,0,greater,30.0,30.0,0.005761052889514151,0.0493906355367977,0.043629582647283546,0.02561347908151592,1.0,2.73001281645766,0.005327700283486119,0.0509328147101273,0.05,ok,0,DE_BE_66
Dielectric_BE_27,q_time_min,0,greater,30.0,30.0,0.0,0.0,0.0,1.0,1.0,,1.0,1.0,0.05,ok,0,DE_BE_66
Dielectric_BE_27,wait_ratio,0,greater,30.0,30.0,0.0,0.0,0.0,1.0,1.0,,1.0,1.0,0.05,ok,0,DE_BE_66
Dielectric_BE_27,wip,0,greater,30.0,30.0,0.03333333333333333,0.03333333333333333,0.0,0.5072995102638009,1.0,0.0,0.5,0.9637096774193552,0.05,ok,0,DE_BE_66
Dielectric_BE_27,available_tool_ratio,0,less,30.0,30.0,0.003921568627450981,-0.0019607843137254945,-0.005882352941176476,0.16316555958430645,1.0,-0.9924241333106324,0.16380540588416773,0.7989692246186956,0.05,ok,0,DE_BE_66
Dielectric_BE_27,utilization_avg,0,greater,30.0,30.0,0.002489338160259909,0.03703313892941631,0.0345438007691564,0.029172960106125703,1.0,3.748386750329032,0.00039429924687235803,0.004097283478369285,0.05,ok,1,DE_BE_66
Dielectric_BE_28,q_time_min,0,greater,30.0,30.0,0.0,0.0,0.0,1.0,1.0,,1.0,1.0,0.05,ok,0,DE_BE_66
Dielectric_BE_28,wait_ratio,0,greater,30.0,30.0,0.0,0.0,0.0,1.0,1.0,,1.0,1.0,0.05,ok,0,DE_BE_66
Dielectric_BE_28,wip,0,greater,30.0,30.0,0.03333333333333333,0.0,-0.03333333333333333,0.21616301315323241,1.0,-0.5708263279047432,0.713742718029234,1.0,0.05,ok,0,DE_BE_66
Dielectric_BE_28,available_tool_ratio,0,less,30.0,30.0,0.0,0.0,0.0,0.6019107739901391,1.0,0.0,0.5,0.9637096774193552,0.05,ok,0,DE_BE_66
Dielectric_BE_28,utilization_avg,0,greater,30.0,30.0,0.004537516075270506,0.06387451774188484,0.059337001666614334,0.999999999998601,1.0,13.076978832097456,5.460607356357113e-14,8.700567721129e-13,0.05,ok,1,DE_BE_66
Dielectric_BE_60,q_time_min,0,greater,30.0,30.0,0.0,0.0,0.0,1.0,1.0,,1.0,1.0,0.05,ok,0,DE_BE_66
Dielectric_BE_60,wait_ratio,0,greater,30.0,30.0,0.0,0.0,0.0,1.0,1.0,,1.0,1.0,0.05,ok,0,DE_BE_66
Dielectric_BE_60,wip,0,greater,30.0,30.0,-0.06666666666666667,0.0,0.06666666666666667,0.6301554706398675,1.0,0.626012693075701,0.26810154757500426,0.9637096774193552,0.05,ok,0,DE_BE_66
Dielectric_BE_60,available_tool_ratio,0,less,30.0,30.0,0.0,0.0,0.0,1.0,1.0,,1.0,1.0,0.05,ok,0,DE_BE_66
Dielectric_BE_60,utilization_avg,0,greater,30.0,30.0,-0.006073648540357276,0.0,0.006073648540357276,0.5845547608507624,1.0,0.2766354751318172,0.39201108936624457,0.9637096774193552,0.05,ok,0,DE_BE_66
Dielectric_FE_112,q_time_min,0,greater,30.0,30.0,0.0,0.0,0.0,1.0,1.0,,1.0,1.0,0.05,ok,0,DE_BE_66
Dielectric_FE_112,wait_ratio,0,greater,30.0,30.0,0.0,0.0,0.0,1.0,1.0,,1.0,1.0,0.05,ok,0,DE_BE_66
Dielectric_FE_112,wip,0,greater,30.0,30.0,0.03333333333333333,0.1,0.06666666666666668,0.013369033477678736,1.0,0.11974426809004379,0.4527475787535527,0.9637096774193552,0.05,ok,0,DE_BE_66
Dielectric_FE_112,available_tool_ratio,0,less,30.0,30.0,-0.002777777777777779,-0.008333333333333326,-0.005555555555555547,0.6324940049300514,1.0,-0.5756983337031387,0.2838431404052164,0.9637096774193552,0.05,ok,0,DE_BE_66
Dielectric_FE_112,utilization_avg,0,greater,30.0,30.0,1.590163186312073e-19,0.0,-1.590163186312073e-19,0.14076065904523302,1.0,-6.124362072820353e-18,0.5,0.9637096774193552,0.05,ok,0,DE_BE_66
Dielectric_FE_130,q_time_min,0,greater,30.0,30.0,0.0,0.0,0.0,1.0,1.0,,1.0,1.0,0.05,ok,0,DE_BE_66
Dielectric_FE_130,wait_ratio,0,greater,30.0,30.0,0.0,0.0,0.0,1.0,1.0,,1.0,1.0,0.05,ok,0,DE_BE_66
Dielectric_FE_130,wip,0,greater,30.0,30.0,0.03333333333333333,0.0,-0.03333333333333333,0.21404532320708766,1.0,-0.13509430778151013,0.5532646833716366,1.0,0.05,ok,0,DE_BE_66
Dielectric_FE_130,available_tool_ratio,0,less,30.0,30.0,-0.006666666666666665,0.0,0.006666666666666665,0.5047754262111748,1.0,0.5708263279047433,0.7137427180292338,1.0,0.05,ok,0,DE_BE_66
Dielectric_FE_130,utilization_avg,0,greater,30.0,30.0,1.8503717077085942e-18,0.0,-1.8503717077085942e-18,0.9782509525787793,1.0,-4.8564479105910327e-17,0.5,0.9637096774193552,0.05,ok,0,DE_BE_66
Dielectric_FE_29,q_time_min,0,greater,30.0,30.0,0.0,0.0,0.0,1.0,1.0,,1.0,1.0,0.05,ok,0,DE_BE_66
Dielectric_FE_29,wait_ratio,0,greater,30.0,30.0,0.0,0.0,0.0,1.0,1.0,,1.0,1.0,0.05,ok,0,DE_BE_66
Dielectric_FE_29,wip,0,greater,30.0,30.0,-0.13333333333333333,0.0,0.13333333333333333,0.6327061641918866,1.0,1.439245834257849,0.08039410421293836,0.5230322616639135,0.05,ok,0,DE_BE_66
Dielectric_FE_29,available_tool_ratio,0,less,30.0,30.0,0.016666666666666666,0.0,-0.016666666666666666,0.6143809459631461,1.0,-1.4392458342578487,0.08039410421293836,0.5230322616639135,0.05,ok,0,DE_BE_66
Dielectric_FE_29,utilization_avg,0,greater,30.0,30.0,-0.015515717785270278,0.0,0.015515717785270278,0.9999999957181495,1.0,1.054609892426092,0.15015565774860273,0.7801565696068707,0.05,ok,0,DE_BE_66
Dielectric_FE_31,q_time_min,0,greater,30.0,30.0,0.0,0.0,0.0,1.0,1.0,,1.0,1.0,0.05,ok,0,DE_BE_66
Dielectric_FE_31,wait_ratio,0,greater,30.0,30.0,0.0,0.0,0.0,1.0,1.0,,1.0,1.0,0.05,ok,0,DE_BE_66
Dielectric_FE_31,wip,0,greater,30.0,30.0,-0.03333333333333333,0.1,0.13333333333333333,0.43393701066640683,1.0,1.151396667406279,0.12782419750088475,0.7179604184171203,0.05,ok,0,DE_BE_66
Dielectric_FE_31,available_tool_ratio,0,less,30.0,30.0,0.006666666666666665,-0.019999999999999997,-0.02666666666666666,0.999999999998601,1.0,-2.0538212722098823,0.022765480254255076,0.18606618955374152,0.05,ok,0,DE_BE_66
Dielectric_FE_31,utilization_avg,0,greater,30.0,30.0,0.0,0.0,0.0,0.6150750198007653,1.0,0.0,0.5,0.9637096774193552,0.05,ok,0,DE_BE_66
Diffusion_BE_123,q_time_min,0,greater,30.0,30.0,0.0,0.0,0.0,1.0,1.0,,1.0,1.0,0.05,ok,0,DE_BE_66
Diffusion_BE_123,wait_ratio,0,greater,30.0,30.0,0.0,0.0,0.0,1.0,1.0,,1.0,1.0,0.05,ok,0,DE_BE_66
Diffusion_BE_123,wip,0,greater,30.0,30.0,-0.1,0.13333333333333333,0.23333333333333334,0.21342409083486796,1.0,1.4,0.08476559809507873,0.5278048969627456,0.05,ok,0,DE_BE_66
Diffusion_BE_123,available_tool_ratio,0,less,30.0,30.0,0.0,-0.011111111111111117,-0.011111111111111117,0.9372857290856647,1.0,-1.439245834257849,0.07774176139697155,0.5230322616639135,0.05,ok,0,DE_BE_66
Diffusion_BE_123,utilization_avg,0,greater,30.0,30.0,-0.00896005483714513,0.0,0.00896005483714513,0.3535130998769852,1.0,0.8642757760433485,0.19726459299378934,0.9066584177983779,0.05,ok,0,DE_BE_66
Diffusion_FE_100,q_time_min,0,greater,30.0,30.0,0.0,120.0,120.0,1.0,1.0,inf,0.0,0.0,0.05,ok,1,DE_BE_66
Diffusion_FE_100,wait_ratio,0,greater,30.0,30.0,0.0,7.233333333333333,7.233333333333333,1.0,1.0,31.000000000000004,4.365787850623477e-24,7.729061454066748e-23,0.05,ok,1,DE_BE_66
Diffusion_FE_100,wip,0,greater,30.0,30.0,0.0,14.033333333333333,14.033333333333333,0.531771836006857,1.0,106.99363051624508,8.319536588166504e-44,1.9883692445717947e-42,0.05,ok,1,DE_BE_66
Diffusion_FE_100,available_tool_ratio,0,less,30.0,30.0,0.0,-0.016666666666666666,-0.016666666666666666,0.542679974102206,1.0,-0.5708263279047433,0.2852945820014229,0.9637096774193552,0.05,ok,0,DE_BE_66
Diffusion_FE_100,utilization_avg,0,greater,30.0,30.0,-0.010916445330645324,0.0,0.010916445330645324,0.43518528590682837,1.0,0.20241283250327108,0.42050367745600664,0.9637096774193552,0.05,ok,0,DE_BE_66
Diffusion_FE_101,q_time_min,0,greater,30.0,30.0,0.0,120.0,120.0,1.0,1.0,inf,0.0,0.0,0.05,ok,1,DE_BE_66
Diffusion_FE_101,wait_ratio,0,greater,30.0,30.0,0.0,1.7833333333333334,1.7833333333333334,1.0,1.0,113.00459486914,3.2894866594222324e-40,6.836411405234031e-39,0.05,ok,1,DE_BE_66
Diffusion_FE_101,wip,0,greater,30.0,30.0,0.1,14.133333333333333,14.033333333333333,0.05153696767961188,1.0,77.99248181033163,6.128887064688801e-43,1.3316400076914759e-41,0.05,ok,1,DE_BE_66
Diffusion_FE_101,available_tool_ratio,0,less,30.0,30.0,0.0,-0.016666666666666666,-0.016666666666666666,0.011976863827163455,1.0,-1.439245834257849,0.07774176139697152,0.5230322616639135,0.05,ok,0,DE_BE_66
Diffusion_FE_101,utilization_avg,0,greater,30.0,30.0,0.008193145782898781,0.07705167707398082,0.06885853129108203,0.8082862210732764,1.0,5.071393031210001,1.0400080234483391e-05,0.0001212497159044649,0.05,ok,1,DE_BE_66
Diffusion_FE_120,q_time_min,0,greater,30.0,30.0,0.0,120.0,120.0,1.0,1.0,inf,0.0,0.0,0.05,ok,1,DE_BE_66
Diffusion_FE_120,wait_ratio,0,greater,30.0,30.0,0.0,48.363636363636346,48.363636363636346,1.0,1.0,1.221817911777414e+16,0.0,0.0,0.05,ok,1,DE_BE_66
Diffusion_FE_120,wip,0,greater,30.0,30.0,-0.16666666666666666,533.0,533.1666666666666,0.338872832315992,1.0,1587.2326693617745,1.7868639588173765e-73,6.100864087962186e-72,0.05,ok,1,DE_BE_66
Diffusion_FE_120,available_tool_ratio,0,less,30.0,30.0,0.0,0.0,0.0,0.08805537413118267,1.0,0.0,0.5,0.9637096774193552,0.05,ok,0,DE_BE_66
Diffusion_FE_120,utilization_avg,0,greater,30.0,30.0,-0.009986575271578483,0.009945742995737195,0.019932318267315677,0.2350633915602861,1.0,0.6806315457389889,0.25075161541279933,0.9637096774193552,0.05,ok,0,DE_BE_66
Diffusion_FE_122,q_time_min,0,greater,30.0,30.0,0.0,120.0,120.0,1.0,1.0,inf,0.0,0.0,0.05,ok,1,DE_BE_66
Diffusion_FE_122,wait_ratio,0,greater,30.0,30.0,0.0,3.2800000000000007,3.2800000000000007,1.0,1.0,73.59725236417157,7.928875145471696e-35,1.5160009278141884e-33,0.05,ok,1,DE_BE_66
Diffusion_FE_122,wip,0,greater,30.0,30.0,-0.06666666666666667,16.1,16.166666666666668,0.10942654090391356,1.0,89.21755691609702,3.62698422867128e-43,8.255706958594629e-42,0.05,ok,1,DE_BE_66
Diffusion_FE_122,available_tool_ratio,0,less,30.0,30.0,0.0,-0.019999999999999997,-0.019999999999999997,1.0,1.0,-1.7950549357115018,0.04153733275721452,0.32548926324505806,0.05,ok,0,DE_BE_66
Diffusion_FE_122,utilization_avg,0,greater,30.0,30.0,-0.018657350919007314,0.0,0.018657350919007314,0.5273650445952984,1.0,0.6138325784296969,0.27205571903173953,0.9637096774193552,0.05,ok,0,DE_BE_66
Diffusion_FE_125,q_time_min,0,greater,30.0,30.0,0.0,120.0,120.0,0.9834318179987909,1.0,12.010934961645672,4.431195246904334e-13,6.832617187162167e-12,0.05,ok,1,DE_BE_66
Diffusion_FE_125,wait_ratio,0,greater,30.0,30.0,0.0,7.75,7.75,0.5627486677925699,1.0,373.2894319425611,3.0209639845231647e-55,9.025129903762955e-54,0.05,ok,1,DE_BE_66
Diffusion_FE_125,wip,0,greater,30.0,30.0,0.06666666666666667,31.0,30.933333333333334,0.3263872098724311,1.0,179.39738760754673,5.065037606438828e-46,1.2742568294093473e-44,0.05,ok,1,DE_BE_66
Diffusion_FE_125,available_tool_ratio,0,less,30.0,30.0,0.0,0.0,0.0,0.5732006660659902,1.0,0.0,0.5,0.9637096774193552,0.05,ok,0,DE_BE_66
Diffusion_FE_125,utilization_avg,0,greater,30.0,30.0,0.011940332940207047,0.013264165961679009,0.0013238330214719613,0.03161246286131723,1.0,0.035990501733256276,0.48576826630343534,0.9637096774193552,0.05,ok,0,DE_BE_66
Diffusion_FE_126,q_time_min,0,greater,30.0,30.0,0.0,0.0,0.0,1.0,1.0,,1.0,1.0,0.05,ok,0,DE_BE_66
Diffusion_FE_126,wait_ratio,0,greater,30.0,30.0,0.0,0.0,0.0,1.0,1.0,,1.0,1.0,0.05,ok,0,DE_BE_66
Diffusion_FE_126,wip,0,greater,30.0,30.0,-0.03333333333333333,0.03333333333333333,0.06666666666666667,0.4696018952289098,1.0,0.9914892069294688,0.16331212228547998,0.7989692246186956,0.05,ok,0,DE_BE_66
Diffusion_FE_126,available_tool_ratio,0,less,30.0,30.0,0.0,-0.011111111111111112,-0.011111111111111112,0.5732006660659902,1.0,-0.5708263279047433,0.2852945820014229,0.9637096774193552,0.05,ok,0,DE_BE_66
Diffusion_FE_126,utilization_avg,0,greater,30.0,30.0,-0.01111111111111111,0.0,0.01111111111111111,0.43159606819975427,1.0,0.6034042993691529,0.27546526653037134,0.9637096774193552,0.05,ok,0,DE_BE_66
Diffusion_FE_127,q_time_min,0,greater,30.0,30.0,0.0,120.0,120.0,1.0,1.0,inf,0.0,0.0,0.05,ok,1,DE_BE_66
Diffusion_FE_127,wait_ratio,0,greater,30.0,30.0,0.0,10.555555555555552,10.555555555555552,1.0,1.0,1.5999996463751854e+16,0.0,0.0,0.05,ok,1,DE_BE_66
Diffusion_FE_127,wip,0,greater,30.0,30.0,-0.06666666666666667,96.0,96.06666666666666,0.023407708025193867,1.0,409.55832246287855,2.0536594842703984e-56,6.544328223208337e-55,0.05,ok,1,DE_BE_66
Diffusion_FE_127,available_tool_ratio,0,less,30.0,30.0,0.003703703703703705,0.0,-0.003703703703703705,0.2827367028779275,1.0,-0.5708263279047432,0.28625728197076605,0.9637096774193552,0.05,ok,0,DE_BE_66
Diffusion_FE_127,utilization_avg,0,greater,30.0,30.0,-0.0018261426947450401,0.05478428084235123,0.05661042353709627,0.02022146894302275,1.0,2.0190783993317503,0.026404138582070098,0.2103529707038251,0.05,ok,0,DE_BE_66
Diffusion_FE_44,q_time_min,0,greater,30.0,30.0,0.0,120.0,120.0,1.0,1.0,inf,0.0,0.0,0.05,ok,1,DE_BE_66
Diffusion_FE_44,wait_ratio,0,greater,30.0,30.0,0.0,0.36363636363636354,0.36363636363636354,1.0,1.0,3.527654722725768e+16,0.0,0.0,0.05,ok,1,DE_BE_66
Diffusion_FE_44,wip,0,greater,30.0,30.0,0.26666666666666666,4.0,3.7333333333333334,0.046864237188470007,1.0,13.779049783770743,1.4689691578871263e-14,2.421266405069126e-13,0.05,ok,1,DE_BE_66
Diffusion_FE_44,available_tool_ratio,0,less,30.0,30.0,0.0,0.0,0.0,0.5732006660659902,1.0,0.0,0.5,0.9637096774193552,0.05,ok,0,DE_BE_66
Diffusion_FE_44,utilization_avg,0,greater,30.0,30.0,0.023167395739011516,0.032250855102382014,0.009083459363370499,0.19135608655745198,1.0,0.40826188938670693,0.3430401374415993,0.9637096774193552,0.05,ok,0,DE_BE_66
Diffusion_FE_94,q_time_min,0,greater,30.0,30.0,0.0,0.0,0.0,1.0,1.0,,1.0,1.0,0.05,ok,0,DE_BE_66
Diffusion_FE_94,wait_ratio,0,greater,30.0,30.0,0.0,0.0,0.0,1.0,1.0,,1.0,1.0,0.05,ok,0,DE_BE_66
Diffusion_FE_94,wip,0,greater,30.0,30.0,0.0,0.06666666666666667,0.06666666666666667,0.0001282216598641179,0.0,0.4411698907260348,0.3309036013117421,,0.05,autocorrelated,0,DE_BE_66
Diffusion_FE_94,available_tool_ratio,0,less,30.0,30.0,0.0,-0.006060606060606055,-0.006060606060606055,0.04389462772252565,1.0,-0.7010887416930993,0.24341083847854617,0.9637096774193552,0.05,ok,0,DE_BE_66
Diffusion_FE_94,utilization_avg,0,greater,30.0,30.0,9.251858538542971e-19,0.0,-9.251858538542971e-19,0.006190629427474036,0.0,-1.1048983308685969e-16,0.5,,0.05,autocorrelated,0,DE_BE_66
EPI_36,q_time_min,0,greater,30.0,30.0,0.0,0.0,0.0,1.0,1.0,,1.0,1.0,0.05,ok,0,DE_BE_66
EPI_36,wait_ratio,0,greater,30.0,30.0,0.0,0.0,0.0,1.0,1.0,,1.0,1.0,0.05,ok,0,DE_BE_66
EPI_36,wip,0,greater,30.0,30.0,-0.03333333333333333,0.0,0.03333333333333333,0.003105181224063432,0.0,0.32833929318589655,0.3725071113530916,,0.05,autocorrelated,0,DE_BE_66
EPI_36,available_tool_ratio,0,less,30.0,30.0,0.0,0.0,0.0,1.0,1.0,,1.0,1.0,0.05,ok,0,DE_BE_66
EPI_36,utilization_avg,0,greater,30.0,30.0,-0.017365791976912476,0.0,0.017365791976912476,0.02650954626810357,1.0,0.35146486476703104,0.36389024494261474,0.9637096774193552,0.05,ok,0,DE_BE_66
Implant_119,q_time_min,0,greater,30.0,30.0,0.0,0.0,0.0,1.0,1.0,,1.0,1.0,0.05,ok,0,DE_BE_66
Implant_119,wait_ratio,0,greater,30.0,30.0,0.0,0.0,0.0,1.0,1.0,,1.0,1.0,0.05,ok,0,DE_BE_66
Implant_119,wip,0,greater,30.0,30.0,0.0,0.03333333333333333,0.03333333333333333,0.542679974102206,1.0,0.5708263279047433,0.2852945820014229,0.9637096774193552,0.05,ok,0,DE_BE_66
Implant_119,available_tool_ratio,0,less,30.0,30.0,0.0,-0.016666666666666666,-0.016666666666666666,0.542679974102206,1.0,-0.5708263279047433,0.2852945820014229,0.9637096774193552,0.05,ok,0,DE_BE_66
Implant_119,utilization_avg,0,greater,30.0,30.0,-0.00483318283980629,0.0,0.00483318283980629,0.999999999998601,1.0,1.0,0.16279099400809668,0.7989692246186956,0.05,ok,0,DE_BE_66
Implant_128,q_time_min,0,greater,30.0,30.0,0.0,120.0,120.0,1.0,1.0,inf,0.0,0.0,0.05,ok,1,DE_BE_66
Implant_128,wait_ratio,0,greater,30.0,30.0,0.0,0.10074074074074077,0.10074074074074077,1.0,1.0,195.73743345906772,4.051212581688685e-47,1.0758220078039952e-45,0.05,ok,1,DE_BE_66
Implant_128,wip,0,greater,30.0,30.0,0.1,1.0666666666666667,0.9666666666666667,0.1623344576972554,1.0,2.4398549875481548,0.010430184562737699,0.0923264485368263,0.05,ok,0,DE_BE_66
Implant_128,available_tool_ratio,0,less,30.0,30.0,-0.0030303030303030277,-0.006060606060606062,-0.0030303030303030346,0.33227523629401606,1.0,-0.29871519752227116,0.38334100913272856,0.9637096774193552,0.05,ok,0,DE_BE_66
Implant_128,utilization_avg,0,greater,30.0,30.0,0.0013307767706523615,0.013605577861099727,0.012274801090447365,0.009669739337701209,0.0,0.4074188235242575,0.34334617218412916,,0.05,autocorrelated,0,DE_BE_66
Implant_132,q_time_min,0,greater,30.0,30.0,0.0,0.0,0.0,1.0,1.0,,1.0,1.0,0.05,ok,0,DE_BE_66
Implant_132,wait_ratio,0,greater,30.0,30.0,0.0,0.0,0.0,1.0,1.0,,1.0,1.0,0.05,ok,0,DE_BE_66
Implant_132,wip,0,greater,30.0,30.0,0.03333333333333333,0.03333333333333333,0.0,0.00022059238876355537,0.0,0.0,0.5,,0.05,autocorrelated,0,DE_BE_66
Implant_132,available_tool_ratio,0,less,30.0,30.0,0.0,-0.004166666666666667,-0.004166666666666667,0.47625875362560854,1.0,-0.5708263279047433,0.2852945820014229,0.9637096774193552,0.05,ok,0,DE_BE_66
Implant_132,utilization_avg,0,greater,30.0,30.0,0.010694651224589001,-0.12720874142399535,-0.13790339264858437,0.4595650501449745,1.0,-3.6967468030986304,0.9995473515024109,1.0,0.05,ok,0,DE_BE_66
Implant_74,q_time_min,0,greater,30.0,30.0,-11.287660859415382,0.0,11.287660859415382,0.999896289531244,1.0,0.8912115805117902,0.19007528560793108,0.8907449658881476,0.05,ok,0,DE_BE_66
Implant_74,wait_ratio,0,greater,30.0,30.0,-0.26666666666666666,0.0,0.26666666666666666,0.9999999961711882,1.0,0.9618858180776672,0.17202963426171,0.8306077290615896,0.05,ok,0,DE_BE_66
Implant_74,wip,0,greater,30.0,30.0,-0.3,0.03333333333333333,0.3333333333333333,0.971556641819286,1.0,0.7941718982152072,0.2167330825695407,0.9592445691503746,0.05,ok,0,DE_BE_66
Implant_74,available_tool_ratio,0,less,30.0,30.0,0.016666666666666666,-0.016666666666666666,-0.03333333333333333,0.999999999998601,1.0,-1.4142135623730951,0.08132248392614148,0.5230322616639135,0.05,ok,0,DE_BE_66
Implant_74,utilization_avg,0,greater,30.0,30.0,-0.01162811254145304,-0.0923910028849604,-0.08076289034350735,0.020498683501905455,1.0,-1.5024469128287876,0.9281031006425768,1.0,0.05,ok,0,DE_BE_66
Implant_88,q_time_min,0,greater,30.0,30.0,3.552713678800501e-16,0.0,-3.552713678800501e-16,0.9896945620186258,1.0,-1.6128473361941596e-17,0.5,0.9637096774193552,0.05,ok,0,DE_BE_66
Implant_88,wait_ratio,0,greater,30.0,30.0,0.0,0.0,0.0,0.6075770770536701,1.0,0.0,0.5,0.9637096774193552,0.05,ok,0,DE_BE_66
Implant_88,wip,0,greater,30.0,30.0,0.0,0.03333333333333333,0.03333333333333333,0.9610425337662437,1.0,0.14999353490075773,0.44088130536611286,0.9637096774193552,0.05,ok,0,DE_BE_66
Implant_88,available_tool_ratio,0,less,30.0,30.0,0.016666666666666666,-0.016666666666666666,-0.03333333333333333,0.999999617251593,1.0,-1.4142135623730951,0.08132248392614154,0.5230322616639135,0.05,ok,0,DE_BE_66
Implant_88,utilization_avg,0,greater,30.0,30.0,0.008906504712044301,-0.027465624811096268,-0.03637212952314057,0.033704203443431356,1.0,-0.7726958691854998,0.777022626804547,1.0,0.05,ok,0,DE_BE_66
Implant_90,q_time_min,0,greater,30.0,30.0,0.0,0.0,0.0,0.9991634943817843,1.0,0.0,0.5,0.9637096774193552,0.05,ok,0,DE_BE_66
Implant_90,wait_ratio,0,greater,30.0,30.0,0.0,0.0,0.0,0.6634368887875199,1.0,0.0,0.5,0.9637096774193552,0.05,ok,0,DE_BE_66
Implant_90,wip,0,greater,30.0,30.0,-0.06666666666666667,0.03333333333333333,0.1,0.753833362673326,1.0,0.5918915191737406,0.27908430640294285,0.9637096774193552,0.05,ok,0,DE_BE_66
Implant_90,available_tool_ratio,0,less,30.0,30.0,0.016666666666666666,-0.016666666666666666,-0.03333333333333333,0.9999861698473338,1.0,-1.4142135623730951,0.08132248392614148,0.5230322616639135,0.05,ok,0,DE_BE_66
Implant_90,utilization_avg,0,greater,30.0,30.0,-0.013540725572436511,0.0,0.013540725572436511,0.44639368959245296,1.0,0.43245312589696716,0.33430552780064154,0.9637096774193552,0.05,ok,0,DE_BE_66
Implant_91,q_time_min,0,greater,30.0,30.0,1.4052816659774787,-42.15844997932436,-43.563731645301836,0.48424604743146904,1.0,-26.093620416087838,1.0,1.0,0.05,ok,0,DE_BE_66
Implant_91,wait_ratio,0,greater,30.0,30.0,0.006666666666666665,-0.20000000000000007,-0.20666666666666672,0.442653889231689,1.0,-8.305580850688695,0.9999999981397794,1.0,0.05,ok,0,DE_BE_66
Implant_91,wip,0,greater,30.0,30.0,0.06666666666666667,-0.9666666666666667,-1.0333333333333334,0.057908877891092024,1.0,-1.8944797293571833,0.9659510688782365,1.0,0.05,ok,0,DE_BE_66
Implant_91,available_tool_ratio,0,less,30.0,30.0,0.0,-0.005555555555555558,-0.005555555555555558,0.7283715157363715,1.0,-0.4411698907260351,0.33066992628520014,0.9637096774193552,0.05,ok,0,DE_BE_66
Implant_91,utilization_avg,0,greater,30.0,30.0,0.014080113411163674,-0.09675793551340468,-0.11083804892456836,0.12880196352885043,1.0,-1.857075091558592,0.963258049714041,1.0,0.05,ok,0,DE_BE_66
LithoMet_BE_18,q_time_min,0,greater,30.0,30.0,0.0,0.0,0.0,1.0,1.0,,1.0,1.0,0.05,ok,0,DE_BE_66
LithoMet_BE_18,wait_ratio,0,greater,30.0,30.0,0.0,0.0,0.0,1.0,1.0,,1.0,1.0,0.05,ok,0,DE_BE_66
LithoMet_BE_18,wip,0,greater,30.0,30.0,0.2,0.23333333333333334,0.033333333333333326,0.2523765242858837,1.0,0.08132315143974204,0.4678451945190687,0.9637096774193552,0.05,ok,0,DE_BE_66
LithoMet_BE_18,available_tool_ratio,0,less,30.0,30.0,-0.004444444444444444,-0.015555555555555555,-0.011111111111111112,0.20365494547028884,1.0,-1.3513683707826074,0.09094610480670653,0.5502814949064017,0.05,ok,0,DE_BE_66
LithoMet_BE_18,utilization_avg,0,greater,30.0,30.0,0.002448804209031048,0.0702406605903969,0.06779185638136585,0.07403640882846053,1.0,4.760535674309707,2.4668610475557023e-05,0.0002742231583096804,0.05,ok,1,DE_BE_66
LithoMet_FE_19,q_time_min,0,greater,30.0,30.0,0.0,120.0,120.0,0.9970995898179668,1.0,5.044286584163551,1.1214035766507479e-05,0.00012762640705691846,0.05,ok,1,DE_BE_66
LithoMet_FE_19,wait_ratio,0,greater,30.0,30.0,0.0,0.11132897603485839,0.11132897603485839,0.9173011509429775,1.0,27.420020007919046,1.1227803491474933e-22,1.9167464531875066e-21,0.05,ok,1,DE_BE_66
LithoMet_FE_19,wip,0,greater,30.0,30.0,-0.03333333333333333,3.033333333333333,3.0666666666666664,0.3401367317912196,1.0,3.6991318933515664,0.00044816621136321383,0.004557945724076941,0.05,ok,1,DE_BE_66
LithoMet_FE_19,available_tool_ratio,0,less,30.0,30.0,0.0033333333333333327,-0.001666666666666668,-0.005000000000000001,0.04677748145396688,1.0,-1.1283486747044629,0.133095297668695,0.7229494577913205,0.05,ok,0,DE_BE_66
LithoMet_FE_19,utilization_avg,0,greater,30.0,30.0,0.0029065862607223843,0.062061347177440405,0.05915476091671802,0.0003387613640566257,0.0,1.6358930470868789,0.05633550134742206,,0.05,autocorrelated,0,DE_BE_66
LithoTrack_BE_117,q_time_min,0,greater,30.0,30.0,0.0,0.0,0.0,1.0,1.0,,1.0,1.0,0.05,ok,0,DE_BE_66
LithoTrack_BE_117,wait_ratio,0,greater,30.0,30.0,0.0,0.0,0.0,1.0,1.0,,1.0,1.0,0.05,ok,0,DE_BE_66
LithoTrack_BE_117,wip,0,greater,30.0,30.0,0.1,0.0,-0.1,0.6248685621703507,1.0,-0.5158052402521321,0.6950495556135459,1.0,0.05,ok,0,DE_BE_66
LithoTrack_BE_117,available_tool_ratio,0,less,30.0,30.0,0.0,0.0,0.0,0.42841792613066215,1.0,0.0,0.5,0.9637096774193552,0.05,ok,0,DE_BE_66
LithoTrack_BE_117,utilization_avg,0,greater,30.0,30.0,0.01519809300405864,0.14405720987824078,0.12885911687418214,0.9990983127098972,1.0,3.8179671336226444,0.0003271538047764688,0.0034751004151811573,0.05,ok,1,DE_BE_66
LithoTrack_FE_115,q_time_min,0,greater,30.0,30.0,0.0,0.0,0.0,1.0,1.0,,1.0,1.0,0.05,ok,0,DE_BE_66
LithoTrack_FE_115,wait_ratio,0,greater,30.0,30.0,0.0,0.0,0.0,1.0,1.0,,1.0,1.0,0.05,ok,0,DE_BE_66
LithoTrack_FE_115,wip,0,greater,30.0,30.0,0.16666666666666666,1.1333333333333333,0.9666666666666667,0.40108744536889496,1.0,0.746813609822028,0.23052348710892998,0.9637096774193552,0.05,ok,0,DE_BE_66
LithoTrack_FE_115,available_tool_ratio,0,less,30.0,30.0,-0.0006172839506172866,-0.0074074074074073955,-0.006790123456790109,0.35624704815990815,1.0,-1.2558179213904315,0.1083268008217819,0.6164310808668065,0.05,ok,0,DE_BE_66
LithoTrack_FE_115,utilization_avg,0,greater,30.0,30.0,-8.765996927290603e-05,-0.01570121201277569,-0.015613552043502784,0.271301264853123,1.0,-0.7840216258474184,0.780308085220317,1.0,0.05,ok,0,DE_BE_66
LithoTrack_FE_95,q_time_min,0,greater,30.0,30.0,0.0,0.0,0.0,1.0,1.0,,1.0,1.0,0.05,ok,0,DE_BE_66
LithoTrack_FE_95,wait_ratio,0,greater,30.0,30.0,0.0,0.0,0.0,1.0,1.0,,1.0,1.0,0.05,ok,0,DE_BE_66
LithoTrack_FE_95,wip,0,greater,30.0,30.0,0.03333333333333333,0.36666666666666664,0.3333333333333333,2.715077020974554e-05,0.0,0.3776112090420751,0.3542067187198332,,0.05,autocorrelated,0,DE_BE_66
LithoTrack_FE_95,available_tool_ratio,0,less,30.0,30.0,0.0012578616352201255,-0.00691823899371069,-0.008176100628930816,0.33908094296325225,1.0,-1.421629673239502,0.0820657314326224,0.5230322616639135,0.05,ok,0,DE_BE_66
LithoTrack_FE_95,utilization_avg,0,greater,30.0,30.0,0.0008387223840781125,0.0219905272763382,0.02115180489226009,0.16659771907249332,1.0,1.601775297857483,0.06002182689160118,0.4554037024473867,0.05,ok,0,DE_BE_66
LithoTrack_FE_96,q_time_min,0,greater,30.0,30.0,0.0,0.0,0.0,1.0,1.0,,1.0,1.0,0.05,ok,0,DE_BE_66
LithoTrack_FE_96,wait_ratio,0,greater,30.0,30.0,0.0,0.0,0.0,1.0,1.0,,1.0,1.0,0.05,ok,0,DE_BE_66
LithoTrack_FE_96,wip,0,greater,30.0,30.0,0.0,0.06666666666666667,0.06666666666666667,0.0632669791308254,1.0,0.5708263279047433,0.2856769576755308,0.9637096774193552,0.05,ok,0,DE_BE_66
LithoTrack_FE_96,available_tool_ratio,0,less,30.0,30.0,0.0,-0.03333333333333333,-0.03333333333333333,0.6894715761991983,1.0,-0.8118441408859887,0.2103188087130811,0.9395550520079697,0.05,ok,0,DE_BE_66
LithoTrack_FE_96,utilization_avg,0,greater,30.0,30.0,1.8503717077085942e-18,0.0,-1.8503717077085942e-18,0.09496276688721385,1.0,-5.200761220327702e-17,0.5,0.9637096774193552,0.05,ok,0,DE_BE_66
Litho_BE_110,q_time_min,0,greater,30.0,30.0,0.0,0.0,0.0,1.0,1.0,,1.0,1.0,0.05,ok,0,DE_BE_66
Litho_BE_110,wait_ratio,0,greater,30.0,30.0,0.0,0.0,0.0,1.0,1.0,,1.0,1.0,0.05,ok,0,DE_BE_66
Litho_BE_110,wip,0,greater,30.0,30.0,0.0,0.26666666666666666,0.26666666666666666,0.13922857203088865,1.0,0.7504044217063921,0.22922475987892008,0.9637096774193552,0.05,ok,0,DE_BE_66
Litho_BE_110,available_tool_ratio,0,less,30.0,30.0,0.0022988505747126445,-0.009195402298850594,-0.011494252873563239,0.5807221974561319,1.0,-1.4538578417117365,0.07716835979789027,0.5230322616639135,0.05,ok,0,DE_BE_66
Litho_BE_110,utilization_avg,0,greater,30.0,30.0,0.004491952612679108,-0.06151895130945471,-0.06601090392213381,0.011115256660093801,1.0,-5.3554665324822155,0.9999952765521175,1.0,0.05,ok,0,DE_BE_66
Litho_BE_93,q_time_min,0,greater,30.0,30.0,0.0,0.0,0.0,1.0,1.0,,1.0,1.0,0.05,ok,0,DE_BE_66
Litho_BE_93,wait_ratio,0,greater,30.0,30.0,0.0,0.0,0.0,1.0,1.0,,1.0,1.0,0.05,ok,0,DE_BE_66
Litho_BE_93,wip,0,greater,30.0,30.0,-0.06666666666666667,0.03333333333333333,0.1,0.39934101930631616,1.0,0.6796667585330822,0.2507917110066803,0.9637096774193552,0.05,ok,0,DE_BE_66
Litho_BE_93,available_tool_ratio,0,less,30.0,30.0,0.011111111111111112,-0.011111111111111112,-0.022222222222222223,0.15050044163926682,1.0,-0.991489206929469,0.16331212228548014,0.7989692246186956,0.05,ok,0,DE_BE_66
Litho_BE_93,utilization_avg,0,greater,30.0,30.0,-0.014550013728765876,0.0,0.014550013728765876,0.02124415300521943,1.0,0.32382217759811166,0.3741982775668987,0.9637096774193552,0.05,ok,0,DE_BE_66
Litho_BE_99,q_time_min,0,greater,30.0,30.0,0.0,0.0,0.0,1.0,1.0,,1.0,1.0,0.05,ok,0,DE_BE_66
Litho_BE_99,wait_ratio,0,greater,30.0,30.0,0.0,0.0,0.0,1.0,1.0,,1.0,1.0,0.05,ok,0,DE_BE_66
Litho_BE_99,wip,0,greater,30.0,30.0,0.0,0.0,0.0,0.7101293261288484,1.0,0.0,0.5,0.9637096774193552,0.05,ok,0,DE_BE_66
Litho_BE_99,available_tool_ratio,0,less,30.0,30.0,0.0,0.0,0.0,0.32803307236042323,1.0,0.0,0.5,0.9637096774193552,0.05,ok,0,DE_BE_66
Litho_BE_99,utilization_avg,0,greater,30.0,30.0,3.7007434154171884e-18,0.0,-3.7007434154171884e-18,0.6917518236025815,1.0,-8.087191319551277e-17,0.5,0.9637096774193552,0.05,ok,0,DE_BE_66
Litho_FE_111,q_time_min,0,greater,30.0,30.0,0.0,0.0,0.0,0.6019107739901391,1.0,0.0,0.5,0.9637096774193552,0.05,ok,0,DE_BE_66
Litho_FE_111,wait_ratio,0,greater,30.0,30.0,0.0,0.0,0.0,0.6019107739901391,1.0,0.0,0.5,0.9637096774193552,0.05,ok,0,DE_BE_66
Litho_FE_111,wip,0,greater,30.0,30.0,-0.16666666666666666,0.36666666666666664,0.5333333333333333,0.2388485813871467,1.0,0.5672278390030203,0.2874011997527244,0.9637096774193552,0.05,ok,0,DE_BE_66
Litho_FE_111,available_tool_ratio,0,less,30.0,30.0,-0.004347826086956523,-0.004347826086956519,3.469446951953614e-18,0.2155540452006176,1.0,4.865637893725368e-16,0.5000000000000002,0.9637096774193552,0.05,ok,0,DE_BE_66
Litho_FE_111,utilization_avg,0,greater,30.0,30.0,-0.0011763199991646268,-0.10884273972132333,-0.10766641972215871,0.13656905619531964,1.0,-3.6886262527843177,0.9995374494785733,1.0,0.05,ok,0,DE_BE_66
Litho_FE_35,q_time_min,0,greater,30.0,30.0,0.0,0.0,0.0,0.6671146191816567,1.0,0.0,0.5,0.9637096774193552,0.05,ok,0,DE_BE_66
Litho_FE_35,wait_ratio,0,greater,30.0,30.0,0.0,0.0,0.0,0.8755711103505184,1.0,0.0,0.5,0.9637096774193552,0.05,ok,0,DE_BE_66
Litho_FE_35,wip,0,greater,30.0,30.0,0.03333333333333333,0.03333333333333333,0.0,0.5906598181708322,1.0,0.0,0.5,0.9637096774193552,0.05,ok,0,DE_BE_66
Litho_FE_35,available_tool_ratio,0,less,30.0,30.0,0.0,-0.016666666666666666,-0.016666666666666666,0.8742657654558043,1.0,-0.37249963873974967,0.3557923033923192,0.9637096774193552,0.05,ok,0,DE_BE_66
Litho_FE_35,utilization_avg,0,greater,30.0,30.0,0.013448297412863516,0.09655107761409458,0.08310278020123106,0.4543358959384103,1.0,1.1455439714351863,0.1306748041888901,0.7179604184171203,0.05,ok,0,DE_BE_66
Litho_FE_92,q_time_min,0,greater,30.0,30.0,0.0,120.0,120.0,1.0,1.0,inf,0.0,0.0,0.05,ok,1,DE_BE_66
Litho_FE_92,wait_ratio,0,greater,30.0,30.0,0.0,0.0672851669403393,0.0672851669403393,1.0,1.0,302.9780211520044,1.2820096464964657e-52,3.6047094766194736e-51,0.05,ok,1,DE_BE_66
Litho_FE_92,wip,0,greater,30.0,30.0,-0.03333333333333333,2.2666666666666666,2.3,0.34567203752708675,1.0,2.1253765748260323,0.021031004029673808,0.1763652618628786,0.05,ok,0,DE_BE_66
Litho_FE_92,available_tool_ratio,0,less,30.0,30.0,-0.0009803921568627416,-0.007843137254901962,-0.006862745098039221,0.131476198819804,1.0,-1.0770329614269025,0.14379971231329244,0.7723175560197055,0.05,ok,0,DE_BE_66
Litho_FE_92,utilization_avg,0,greater,30.0,30.0,-0.003806705914465569,0.03441552945752999,0.03822223537199556,0.23496739891263038,1.0,1.3699520003172514,0.09060799331021108,0.5502814949064017,0.05,ok,0,DE_BE_66
Litho_FE_98,q_time_min,0,greater,30.0,30.0,-8.098335955727574,0.0,8.098335955727574,0.8680138853209545,1.0,0.13894379880539837,0.4452274811958145,0.9637096774193552,0.05,ok,0,DE_BE_66
Litho_FE_98,wait_ratio,0,greater,30.0,30.0,-0.006666666666666665,0.0,0.006666666666666665,0.5957131170635336,1.0,0.2653348629949221,0.3963142929882615,0.9637096774193552,0.05,ok,0,DE_BE_66
Litho_FE_98,wip,0,greater,30.0,30.0,-0.03333333333333333,0.0,0.03333333333333333,0.2216348248149727,1.0,0.08222823641023963,0.4675150765825674,0.9637096774193552,0.05,ok,0,DE_BE_66
Litho_FE_98,available_tool_ratio,0,less,30.0,30.0,0.0,0.0,0.0,0.9871340325745406,1.0,0.0,0.5,0.9637096774193552,0.05,ok,0,DE_BE_66
Litho_FE_98,utilization_avg,0,greater,30.0,30.0,0.008157102629914297,-0.022373767173727854,-0.03053086980364215,0.47219418421235193,1.0,-0.57002395398846,0.7134742714651781,1.0,0.05,ok,0,DE_BE_66
Litho_REG_BE_63,q_time_min,0,greater,30.0,30.0,0.0,0.0,0.0,1.0,1.0,,1.0,1.0,0.05,ok,0,DE_BE_66
Litho_REG_BE_63,wait_ratio,0,greater,30.0,30.0,0.0,0.0,0.0,1.0,1.0,,1.0,1.0,0.05,ok,0,DE_BE_66
Litho_REG_BE_63,wip,0,greater,30.0,30.0,0.06666666666666667,0.03333333333333333,-0.03333333333333333,0.0008660623722983434,0.0,-0.1168206267040603,0.546107046341875,,0.05,autocorrelated,0,DE_BE_66
Litho_REG_BE_63,available_tool_ratio,0,less,30.0,30.0,0.0,-0.003703703703703705,-0.003703703703703705,0.11167373315407504,1.0,-0.3724996387397497,0.3557923033923192,0.9637096774193552,0.05,ok,0,DE_BE_66
Litho_REG_BE_63,utilization_avg,0,greater,30.0,30.0,0.005445571937990157,0.007582936983035998,0.0021373650450458416,0.010703725952035247,1.0,0.14642497383934638,0.4422995290291204,0.9637096774193552,0.05,ok,0,DE_BE_66
Litho_REG_FE_64,q_time_min,0,greater,30.0,30.0,0.0,120.0,120.0,0.600238414958825,1.0,102.71751185655431,5.203808696217256e-39,1.0364252319966035e-37,0.05,ok,1,DE_BE_66
Litho_REG_FE_64,wait_ratio,0,greater,30.0,30.0,0.0,0.06682539682539676,0.06682539682539676,0.0047196124161044154,0.0,14.256577082675873,5.936384092556623e-15,,0.05,autocorrelated,0,DE_BE_66
Litho_REG_FE_64,wip,0,greater,30.0,30.0,0.13333333333333333,1.0333333333333334,0.9000000000000001,0.0185531410893271,1.0,0.9442119932049192,0.17642158641793665,0.838804266629169,0.05,ok,0,DE_BE_66
Litho_REG_FE_64,available_tool_ratio,0,less,30.0,30.0,0.0,-0.0022222222222222253,-0.0022222222222222253,0.5452657441356139,1.0,-0.3724996387397496,0.3557923033923192,0.9637096774193552,0.05,ok,0,DE_BE_66
Litho_REG_FE_64,utilization_avg,0,greater,30.0,30.0,0.013144765325906959,-0.06442781909561743,-0.07757258442152438,0.004911200959248911,0.0,-2.075415508163994,0.9765385274243515,,0.05,autocorrelated,0,DE_BE_66
Planar_BE_75,q_time_min,0,greater,30.0,30.0,0.0,0.0,0.0,1.0,1.0,,1.0,1.0,0.05,ok,0,DE_BE_66
Planar_BE_75,wait_ratio,0,greater,30.0,30.0,0.0,0.0,0.0,1.0,1.0,,1.0,1.0,0.05,ok,0,DE_BE_66
Planar_BE_75,wip,0,greater,30.0,30.0,0.03333333333333333,0.16666666666666666,0.13333333333333333,0.008919369026712342,0.0,0.4662960995800832,0.3220525095225645,,0.05,autocorrelated,0,DE_BE_66
Planar_BE_75,available_tool_ratio,0,less,30.0,30.0,0.0,-0.007575757575757569,-0.007575757575757569,0.429249690549713,1.0,-1.3060943124220303,0.09877317510224903,0.5828836752947536,0.05,ok,0,DE_BE_66
Planar_BE_75,utilization_avg,0,greater,30.0,30.0,0.0016534465365727377,0.0045846546741316885,0.0029312081375589506,0.22561752407509605,1.0,0.31925628513699705,0.3759102984944527,0.9637096774193552,0.05,ok,0,DE_BE_66
Planar_FE_76,q_time_min,0,greater,30.0,30.0,0.0,0.0,0.0,0.4451992494760094,1.0,0.0,0.5,0.9637096774193552,0.05,ok,0,DE_BE_66
Planar_FE_76,wait_ratio,0,greater,30.0,30.0,0.0,0.0,0.0,0.0020312927814346137,0.0,0.0,0.5,,0.05,autocorrelated,0,DE_BE_66
Planar_FE_76,wip,0,greater,30.0,30.0,0.03333333333333333,0.0,-0.03333333333333333,0.006879851669456915,0.0,-0.1434641872751458,0.5565420772477419,,0.05,autocorrelated,0,DE_BE_66
Planar_FE_76,available_tool_ratio,0,less,30.0,30.0,-0.011111111111111112,0.0,0.011111111111111112,0.9999999959184255,1.0,0.9999999999999999,0.8372090059919033,1.0,0.05,ok,0,DE_BE_66
Planar_FE_76,utilization_avg,0,greater,30.0,30.0,-0.01873033716013904,0.0,0.01873033716013904,0.8861534230118538,1.0,0.44718045957801456,0.3290334843984627,0.9637096774193552,0.05,ok,0,DE_BE_66
Planar_FE_77,q_time_min,0,greater,30.0,30.0,0.17895315359771,-5.3685946079313,-5.547547761529009,0.003160549630151893,0.0,-1.4401656779148062,0.9197350637974946,,0.05,autocorrelated,0,DE_BE_66
Planar_FE_77,wait_ratio,0,greater,30.0,30.0,0.011111111111111108,-0.3333333333333334,-0.34444444444444455,0.11151201713679489,1.0,-4.35561811019419,0.9999243933543402,1.0,0.05,ok,0,DE_BE_66
Planar_FE_77,wip,0,greater,30.0,30.0,0.13333333333333333,-1.0,-1.1333333333333333,0.014791504246520374,1.0,-2.1784749515160335,0.9811780968329215,1.0,0.05,ok,0,DE_BE_66
Planar_FE_77,available_tool_ratio,0,less,30.0,30.0,0.0,0.0,0.0,1.0,1.0,,1.0,1.0,0.05,ok,0,DE_BE_66
Planar_FE_77,utilization_avg,0,greater,30.0,30.0,0.00336157343889311,0.8991527968332067,0.8957912233943136,0.04624392353922,1.0,10.91969051415931,4.321955729889955e-12,6.45592137152312e-11,0.05,ok,1,DE_BE_66
Planar_FE_78,q_time_min,0,greater,30.0,30.0,0.0,0.0,0.0,1.0,1.0,,1.0,1.0,0.05,ok,0,DE_BE_66
Planar_FE_78,wait_ratio,0,greater,30.0,30.0,0.0,0.0,0.0,1.0,1.0,,1.0,1.0,0.05,ok,0,DE_BE_66
Planar_FE_78,wip,0,greater,30.0,30.0,0.0,0.06666666666666667,0.06666666666666667,1.0,1.0,1.4392458342578487,0.08039410421293836,0.5230322616639135,0.05,ok,0,DE_BE_66
Planar_FE_78,available_tool_ratio,0,less,30.0,30.0,0.0,-0.03333333333333333,-0.03333333333333333,1.0,1.0,-1.4392458342578487,0.08039410421293836,0.5230322616639135,0.05,ok,0,DE_BE_66
Planar_FE_78,utilization_avg,0,greater,30.0,30.0,0.0,0.0,0.0,1.0,1.0,,1.0,1.0,0.05,ok,0,DE_BE_66
Planar_FE_79,q_time_min,0,greater,30.0,30.0,-6.019563045057172,0.0,6.019563045057172,0.9993289766944898,1.0,0.1240396988981106,0.4510698068932762,0.9637096774193552,0.05,ok,0,DE_BE_66
Planar_FE_79,wait_ratio,0,greater,30.0,30.0,-0.006666666666666667,0.0,0.006666666666666667,0.9674424629579339,1.0,0.9410080675563344,0.1772368847898453,0.838804266629169,0.05,ok,0,DE_BE_66
Planar_FE_79,wip,0,greater,30.0,30.0,-0.1,0.0,0.1,0.007628805642758518,0.0,0.2684763230524584,0.3951166835859732,,0.05,autocorrelated,0,DE_BE_66
Planar_FE_79,available_tool_ratio,0,less,30.0,30.0,0.005555555555555554,0.0,-0.005555555555555554,0.26873343016325113,1.0,-0.29689374640860133,0.3843318922179999,0.9637096774193552,0.05,ok,0,DE_BE_66
Planar_FE_79,utilization_avg,0,greater,30.0,30.0,-0.009899573031590518,-0.09755655537726647,-0.08765698234567595,0.2774983659724926,1.0,-1.8339887594788706,0.9615316797343366,1.0,0.05,ok,0,DE_BE_66
Planar_FE_80,q_time_min,0,greater,30.0,30.0,0.0,0.0,0.0,1.0,1.0,,1.0,1.0,0.05,ok,0,DE_BE_66
Planar_FE_80,wait_ratio,0,greater,30.0,30.0,0.0,0.0,0.0,1.0,1.0,,1.0,1.0,0.05,ok,0,DE_BE_66
Planar_FE_80,wip,0,greater,30.0,30.0,0.03333333333333333,0.0,-0.03333333333333333,0.45692157878474915,1.0,-0.5708263279047432,0.713742718029234,1.0,0.05,ok,0,DE_BE_66
Planar_FE_80,available_tool_ratio,0,less,30.0,30.0,-0.016666666666666666,0.0,0.016666666666666666,0.45692157878474915,1.0,0.5708263279047432,0.713742718029234,1.0,0.05,ok,0,DE_BE_66
Planar_FE_80,utilization_avg,0,greater,30.0,30.0,0.0,0.0,0.0,1.0,1.0,,1.0,1.0,0.05,ok,0,DE_BE_66
TF_BE_2,q_time_min,0,greater,30.0,30.0,0.0,0.0,0.0,1.0,1.0,,1.0,1.0,0.05,ok,0,DE_BE_66
TF_BE_2,wait_ratio,0,greater,30.0,30.0,0.0,0.0,0.0,1.0,1.0,,1.0,1.0,0.05,ok,0,DE_BE_66
TF_BE_2,wip,0,greater,30.0,30.0,0.0,0.03333333333333333,0.03333333333333333,0.2314548728532947,1.0,0.4411698907260348,0.33066992628520026,0.9637096774193552,0.05,ok,0,DE_BE_66
TF_BE_2,available_tool_ratio,0,less,30.0,30.0,0.0,-0.008333333333333333,-0.008333333333333333,0.2314548728532947,1.0,-0.4411698907260348,0.33066992628520026,0.9637096774193552,0.05,ok,0,DE_BE_66
TF_BE_2,utilization_avg,0,greater,30.0,30.0,0.0,0.0,0.0,1.0,1.0,,1.0,1.0,0.05,ok,0,DE_BE_66
TF_BE_23,q_time_min,0,greater,30.0,30.0,0.0,0.0,0.0,1.0,1.0,,1.0,1.0,0.05,ok,0,DE_BE_66
TF_BE_23,wait_ratio,0,greater,30.0,30.0,0.0,0.0,0.0,1.0,1.0,,1.0,1.0,0.05,ok,0,DE_BE_66
TF_BE_23,wip,0,greater,30.0,30.0,0.13333333333333333,0.23333333333333334,0.1,0.5255776079309166,1.0,0.4220864799860696,0.337734168104916,0.9637096774193552,0.05,ok,0,DE_BE_66
TF_BE_23,available_tool_ratio,0,less,30.0,30.0,-0.0015873015873015853,-0.011111111111111124,-0.009523809523809539,0.13727379923090233,1.0,-2.0435263639111696,0.022966328836131276,0.18606618955374152,0.05,ok,0,DE_BE_66
TF_BE_23,utilization_avg,0,greater,30.0,30.0,0.0010790293788103232,0.06888038363315621,0.06780135425434589,0.5774043026555696,1.0,6.798458461214767,9.148072803201167e-08,1.214660777758377e-06,0.05,ok,1,DE_BE_66
TF_BE_24,q_time_min,0,greater,30.0,30.0,-0.11471305755985668,0.0,0.11471305755985668,0.609807905457093,1.0,0.10038331321760563,0.4603653997553319,0.9637096774193552,0.05,ok,0,DE_BE_66
TF_BE_24,wait_ratio,0,greater,30.0,30.0,-0.006666666666666667,0.0,0.006666666666666667,0.8367168739345346,1.0,0.4411698907260348,0.3311808866350198,0.9637096774193552,0.05,ok,0,DE_BE_66
TF_BE_24,wip,0,greater,30.0,30.0,-0.2,0.1,0.30000000000000004,0.09089354487078409,1.0,0.8783100656536801,0.1933118859551451,0.8971172959860131,0.05,ok,0,DE_BE_66
TF_BE_24,available_tool_ratio,0,less,30.0,30.0,0.0,-0.019999999999999997,-0.019999999999999997,0.4202262783191017,1.0,-1.1395207162165009,0.12967292505655745,0.7179604184171203,0.05,ok,0,DE_BE_66
TF_BE_24,utilization_avg,0,greater,30.0,30.0,-0.03212725906341803,0.0,0.03212725906341803,0.6337727010034371,1.0,0.6257586596155508,0.26818370558292487,0.9637096774193552,0.05,ok,0,DE_BE_66
TF_BE_26,q_time_min,0,greater,30.0,30.0,0.0,0.0,0.0,1.0,1.0,,1.0,1.0,0.05,ok,0,DE_BE_66
TF_BE_26,wait_ratio,0,greater,30.0,30.0,0.0,0.0,0.0,1.0,1.0,,1.0,1.0,0.05,ok,0,DE_BE_66
TF_BE_26,wip,0,greater,30.0,30.0,-0.1,0.13333333333333333,0.23333333333333334,0.8851492029732184,1.0,1.0598679908850757,0.1483213629588605,0.7790946318058827,0.05,ok,0,DE_BE_66
TF_BE_26,available_tool_ratio,0,less,30.0,30.0,0.0020833333333333333,-0.008333333333333333,-0.010416666666666666,0.9999999959184255,1.0,-2.3347650458983815,0.012090907227347174,0.10508097553948999,0.05,ok,0,DE_BE_66
TF_BE_26,utilization_avg,0,greater,30.0,30.0,-1.745316419752563e-05,-0.08700594733863526,-0.08698849417443773,0.310231383789289,1.0,-6.210604974789182,0.9999995523797804,1.0,0.05,ok,0,DE_BE_66
TF_BE_40,q_time_min,0,greater,30.0,30.0,0.0,0.0,0.0,1.0,1.0,,1.0,1.0,0.05,ok,0,DE_BE_66
TF_BE_40,wait_ratio,0,greater,30.0,30.0,0.0,0.0,0.0,1.0,1.0,,1.0,1.0,0.05,ok,0,DE_BE_66
TF_BE_40,wip,0,greater,30.0,30.0,0.0,0.23333333333333334,0.23333333333333334,0.08775241155896472,1.0,0.7280289208957117,0.2358893929361052,0.9637096774193552,0.05,ok,0,DE_BE_66
TF_BE_40,available_tool_ratio,0,less,30.0,30.0,0.0012820512820512812,-0.008974358974358968,-0.01025641025641025,0.5092349545693091,1.0,-1.5945111330513357,0.0589745416060204,0.4546746917367379,0.05,ok,0,DE_BE_66
TF_BE_40,utilization_avg,0,greater,30.0,30.0,0.004376052800950758,-0.0626491342866711,-0.06702518708762185,0.250512134354804,1.0,-7.033336840010912,0.9999999510203883,1.0,0.05,ok,0,DE_BE_66
TF_FE_103,q_time_min,0,greater,30.0,30.0,0.0,0.0,0.0,1.0,1.0,,1.0,1.0,0.05,ok,0,DE_BE_66
TF_FE_103,wait_ratio,0,greater,30.0,30.0,0.0,0.0,0.0,1.0,1.0,,1.0,1.0,0.05,ok,0,DE_BE_66
TF_FE_103,wip,0,greater,30.0,30.0,0.0,0.06666666666666667,0.06666666666666667,0.8435959964347866,1.0,0.5708263279047433,0.2856769576755308,0.9637096774193552,0.05,ok,0,DE_BE_66
TF_FE_103,available_tool_ratio,0,less,30.0,30.0,0.0,-0.01333333333333333,-0.01333333333333333,0.542679974102206,1.0,-1.0000000000000002,0.16073465040035828,0.7989692246186956,0.05,ok,0,DE_BE_66
TF_FE_103,utilization_avg,0,greater,30.0,30.0,0.0,0.0,0.0,0.7069287868754173,1.0,0.0,0.5,0.9637096774193552,0.05,ok,0,DE_BE_66
TF_FE_104,q_time_min,0,greater,30.0,30.0,0.0,0.0,0.0,1.0,1.0,,1.0,1.0,0.05,ok,0,DE_BE_66
TF_FE_104,wait_ratio,0,greater,30.0,30.0,0.0,0.0,0.0,1.0,1.0,,1.0,1.0,0.05,ok,0,DE_BE_66
TF_FE_104,wip,0,greater,30.0,30.0,-0.06666666666666667,0.0,0.06666666666666667,0.13973699846934953,1.0,0.31955074097291336,0.37579981171571597,0.9637096774193552,0.05,ok,0,DE_BE_66
TF_FE_104,available_tool_ratio,0,less,30.0,30.0,0.0,0.0,0.0,0.5732006660659902,1.0,0.0,0.5,0.9637096774193552,0.05,ok,0,DE_BE_66
TF_FE_104,utilization_avg,0,greater,30.0,30.0,-0.00174594253104159,0.0,0.00174594253104159,0.020297913582371763,1.0,0.05321454497248609,0.4789629301137229,0.9637096774193552,0.05,ok,0,DE_BE_66
TF_FE_113,q_time_min,0,greater,30.0,30.0,0.0,0.0,0.0,1.0,1.0,,1.0,1.0,0.05,ok,0,DE_BE_66
TF_FE_113,wait_ratio,0,greater,30.0,30.0,0.0,0.0,0.0,1.0,1.0,,1.0,1.0,0.05,ok,0,DE_BE_66
TF_FE_113,wip,0,greater,30.0,30.0,0.0,0.0,0.0,1.0,1.0,,1.0,1.0,0.05,ok,0,DE_BE_66
TF_FE_113,available_tool_ratio,0,less,30.0,30.0,0.0,0.0,0.0,1.0,1.0,,1.0,1.0,0.05,ok,0,DE_BE_66
TF_FE_113,utilization_avg,0,greater,30.0,30.0,0.0,0.0,0.0,1.0,1.0,,1.0,1.0,0.05,ok,0,DE_BE_66
TF_FE_131,q_time_min,0,greater,30.0,30.0,0.0,0.0,0.0,1.0,1.0,,1.0,1.0,0.05,ok,0,DE_BE_66
TF_FE_131,wait_ratio,0,greater,30.0,30.0,0.0,0.0,0.0,1.0,1.0,,1.0,1.0,0.05,ok,0,DE_BE_66
TF_FE_131,wip,0,greater,30.0,30.0,-0.1,0.06666666666666667,0.16666666666666669,0.032726459654575726,1.0,0.42696395015823607,0.3362358849255559,0.9637096774193552,0.05,ok,0,DE_BE_66
TF_FE_131,available_tool_ratio,0,less,30.0,30.0,0.004761904761904763,-0.009523809523809526,-0.01428571428571429,0.942199274157115,1.0,-1.3416407864998738,0.09260576003763622,0.5533194162248765,0.05,ok,0,DE_BE_66
TF_FE_131,utilization_avg,0,greater,30.0,30.0,0.0028664596565319005,-0.15765308363998407,-0.16051954329651597,0.013643352833989804,1.0,-3.5341877446748526,0.999303370807342,1.0,0.05,ok,0,DE_BE_66
TF_FE_3,q_time_min,0,greater,30.0,30.0,0.0,0.0,0.0,1.0,1.0,,1.0,1.0,0.05,ok,0,DE_BE_66
TF_FE_3,wait_ratio,0,greater,30.0,30.0,0.0,0.0,0.0,1.0,1.0,,1.0,1.0,0.05,ok,0,DE_BE_66
TF_FE_3,wip,0,greater,30.0,30.0,0.0,0.0,0.0,0.6019107739901391,1.0,0.0,0.5,0.9637096774193552,0.05,ok,0,DE_BE_66
TF_FE_3,available_tool_ratio,0,less,30.0,30.0,0.0,0.0,0.0,1.0,1.0,,1.0,1.0,0.05,ok,0,DE_BE_66
TF_FE_3,utilization_avg,0,greater,30.0,30.0,8.673617379884035e-19,0.0,-8.673617379884035e-19,0.6267366163818675,1.0,-2.4128865965722557e-17,0.5,0.9637096774193552,0.05,ok,0,DE_BE_66
TF_FE_5,q_time_min,0,greater,30.0,30.0,0.0,0.0,0.0,0.6019107739901391,1.0,0.0,0.5,0.9637096774193552,0.05,ok,0,DE_BE_66
TF_FE_5,wait_ratio,0,greater,30.0,30.0,0.0,0.0,0.0,0.6019107739901391,1.0,0.0,0.5,0.9637096774193552,0.05,ok,0,DE_BE_66
TF_FE_5,wip,0,greater,30.0,30.0,0.0,0.06666666666666667,0.06666666666666667,0.000626759734770072,0.0,0.2584961827526585,0.39886819339315766,,0.05,autocorrelated,0,DE_BE_66
TF_FE_5,available_tool_ratio,0,less,30.0,30.0,0.0,-0.016666666666666666,-0.016666666666666666,0.40571351811468787,1.0,-0.8118441408859887,0.2103188087130811,0.9395550520079697,0.05,ok,0,DE_BE_66
TF_FE_5,utilization_avg,0,greater,30.0,30.0,0.0,0.0,0.0,2.1440198813879057e-13,0.0,0.0,0.5,,0.05,autocorrelated,0,DE_BE_66
TF_Met_FE_45,q_time_min,0,greater,30.0,30.0,0.0,0.0,0.0,1.0,1.0,,1.0,1.0,0.05,ok,0,DE_BE_66
TF_Met_FE_45,wait_ratio,0,greater,30.0,30.0,0.0,0.0,0.0,1.0,1.0,,1.0,1.0,0.05,ok,0,DE_BE_66
TF_Met_FE_45,wip,0,greater,30.0,30.0,0.0,0.0,0.0,0.003036950316402903,0.0,0.0,0.5,,0.05,autocorrelated,0,DE_BE_66
TF_Met_FE_45,available_tool_ratio,0,less,30.0,30.0,0.0,0.0,0.0,0.6019107739901391,1.0,0.0,0.5,0.9637096774193552,0.05,ok,0,DE_BE_66
TF_Met_FE_45,utilization_avg,0,greater,30.0,30.0,0.0020017100052084273,-0.1034723388806924,-0.10547404888590083,0.2238557482390006,1.0,-2.3639237809208717,0.9875021863932524,1.0,0.05,ok,0,DE_BE_66
WE_BE_14,q_time_min,0,greater,30.0,30.0,0.0,0.0,0.0,1.0,1.0,,1.0,1.0,0.05,ok,0,DE_BE_66
WE_BE_14,wait_ratio,0,greater,30.0,30.0,0.0,0.0,0.0,1.0,1.0,,1.0,1.0,0.05,ok,0,DE_BE_66
WE_BE_14,wip,0,greater,30.0,30.0,0.03333333333333333,0.0,-0.03333333333333333,0.00787395576299202,0.0,-0.25414164018110463,0.5994102484627866,,0.05,autocorrelated,0,DE_BE_66
WE_BE_14,available_tool_ratio,0,less,30.0,30.0,0.0,0.0,0.0,1.0,1.0,,1.0,1.0,0.05,ok,0,DE_BE_66
WE_BE_14,utilization_avg,0,greater,30.0,30.0,-0.005074867918267247,0.15730459118555398,0.16237945910382123,0.06701340484161394,1.0,8.154246690282115,2.7158871472839435e-09,3.8182178129462495e-08,0.05,ok,1,DE_BE_66
WE_BE_16,q_time_min,0,greater,30.0,30.0,0.0,0.0,0.0,1.0,1.0,,1.0,1.0,0.05,ok,0,DE_BE_66
WE_BE_16,wait_ratio,0,greater,30.0,30.0,0.0,0.0,0.0,1.0,1.0,,1.0,1.0,0.05,ok,0,DE_BE_66
WE_BE_16,wip,0,greater,30.0,30.0,0.0,0.0,0.0,0.1924196583307597,1.0,0.0,0.5,0.9637096774193552,0.05,ok,0,DE_BE_66
WE_BE_16,available_tool_ratio,0,less,30.0,30.0,0.0,0.0,0.0,1.0,1.0,,1.0,1.0,0.05,ok,0,DE_BE_66
WE_BE_16,utilization_avg,0,greater,30.0,30.0,0.00753556945657692,-0.22606708369730757,-0.23360265315388448,0.32138274631548047,1.0,-18.08575254508214,1.0,1.0,0.05,ok,0,DE_BE_66
WE_BE_17,q_time_min,0,greater,30.0,30.0,0.0,0.0,0.0,0.6019107739901391,1.0,0.0,0.5,0.9637096774193552,0.05,ok,0,DE_BE_66
WE_BE_17,wait_ratio,0,greater,30.0,30.0,0.0,0.0,0.0,0.6019107739901391,1.0,0.0,0.5,0.9637096774193552,0.05,ok,0,DE_BE_66
WE_BE_17,wip,0,greater,30.0,30.0,0.0,0.0,0.0,0.024441485726451228,1.0,0.0,0.5,0.9637096774193552,0.05,ok,0,DE_BE_66
WE_BE_17,available_tool_ratio,0,less,30.0,30.0,0.0,0.0,0.0,1.0,1.0,,1.0,1.0,0.05,ok,0,DE_BE_66
WE_BE_17,utilization_avg,0,greater,30.0,30.0,3.7007434154171884e-18,0.0,-3.7007434154171884e-18,0.172143218859943,1.0,-9.473811949597344e-17,0.5,0.9637096774193552,0.05,ok,0,DE_BE_66
WE_BE_7,q_time_min,0,greater,30.0,30.0,0.0,0.0,0.0,1.0,1.0,,1.0,1.0,0.05,ok,0,DE_BE_66
WE_BE_7,wait_ratio,0,greater,30.0,30.0,0.0,0.0,0.0,1.0,1.0,,1.0,1.0,0.05,ok,0,DE_BE_66
WE_BE_7,wip,0,greater,30.0,30.0,0.0,0.0,0.0,1.0,1.0,,1.0,1.0,0.05,ok,0,DE_BE_66
WE_BE_7,available_tool_ratio,0,less,30.0,30.0,0.0,0.0,0.0,1.0,1.0,,1.0,1.0,0.05,ok,0,DE_BE_66
WE_BE_7,utilization_avg,0,greater,30.0,30.0,0.0,0.0,0.0,1.0,1.0,,1.0,1.0,0.05,ok,0,DE_BE_66
WE_BE_81,q_time_min,0,greater,30.0,30.0,0.0,0.0,0.0,1.0,1.0,,1.0,1.0,0.05,ok,0,DE_BE_66
WE_BE_81,wait_ratio,0,greater,30.0,30.0,0.0,0.0,0.0,1.0,1.0,,1.0,1.0,0.05,ok,0,DE_BE_66
WE_BE_81,wip,0,greater,30.0,30.0,0.03333333333333333,0.0,-0.03333333333333333,0.3368406318219515,1.0,-0.4411698907260347,0.6688191133649801,1.0,0.05,ok,0,DE_BE_66
WE_BE_81,available_tool_ratio,0,less,30.0,30.0,0.0,0.0,0.0,1.0,1.0,,1.0,1.0,0.05,ok,0,DE_BE_66
WE_BE_81,utilization_avg,0,greater,30.0,30.0,0.008656191069178558,0.07364760125797654,0.06499141018879798,0.9803061753700896,1.0,3.3882540022508554,0.0010210127380646126,0.010167585183226767,0.05,ok,1,DE_BE_66
WE_BE_82,q_time_min,0,greater,30.0,30.0,0.0,0.0,0.0,1.0,1.0,,1.0,1.0,0.05,ok,0,DE_BE_66
WE_BE_82,wait_ratio,0,greater,30.0,30.0,0.0,0.0,0.0,1.0,1.0,,1.0,1.0,0.05,ok,0,DE_BE_66
WE_BE_82,wip,0,greater,30.0,30.0,-0.03333333333333333,0.0,0.03333333333333333,0.37720609534981425,1.0,0.1466199354983655,0.4422232693046338,0.9637096774193552,0.05,ok,0,DE_BE_66
WE_BE_82,available_tool_ratio,0,less,30.0,30.0,0.0,0.0,0.0,1.0,1.0,,1.0,1.0,0.05,ok,0,DE_BE_66
WE_BE_82,utilization_avg,0,greater,30.0,30.0,-0.00028924724759154993,0.006588088164990113,0.006877335412581663,0.5451067680160934,1.0,0.4946136944410769,0.31229963082016254,0.9637096774193552,0.05,ok,0,DE_BE_66
WE_BE_9,q_time_min,0,greater,30.0,30.0,0.0,0.0,0.0,1.0,1.0,,1.0,1.0,0.05,ok,0,DE_BE_66
WE_BE_9,wait_ratio,0,greater,30.0,30.0,0.0,0.0,0.0,1.0,1.0,,1.0,1.0,0.05,ok,0,DE_BE_66
WE_BE_9,wip,0,greater,30.0,30.0,0.0,0.0,0.0,0.22335345826845648,1.0,0.0,0.5,0.9637096774193552,0.05,ok,0,DE_BE_66
WE_BE_9,available_tool_ratio,0,less,30.0,30.0,0.0,0.0,0.0,1.0,1.0,,1.0,1.0,0.05,ok,0,DE_BE_66
WE_BE_9,utilization_avg,0,greater,30.0,30.0,0.004403781794590319,-0.10431000319404987,-0.10871378498864019,0.3907802025310783,1.0,-5.695564059578203,0.9999981585349991,1.0,0.05,ok,0,DE_BE_66
WE_FE_108,q_time_min,0,greater,30.0,30.0,0.0,120.0,120.0,1.0,1.0,inf,0.0,0.0,0.05,ok,1,DE_BE_66
WE_FE_108,wait_ratio,0,greater,30.0,30.0,0.0,0.08571428571428573,0.08571428571428573,1.0,1.0,1.6630372264278628e+16,0.0,0.0,0.05,ok,1,DE_BE_66
WE_FE_108,wip,0,greater,30.0,30.0,0.06666666666666667,3.0,2.933333333333333,0.14542145881959642,1.0,2.652634678141934,0.0064087272360705775,0.05779946450644785,0.05,ok,0,DE_BE_66
WE_FE_108,available_tool_ratio,0,less,30.0,30.0,-0.0009259259259259263,0.0,0.0009259259259259263,0.023043498409360954,1.0,0.37249963873974967,0.6438852811695241,1.0,0.05,ok,0,DE_BE_66
WE_FE_108,utilization_avg,0,greater,30.0,30.0,-0.004132230335722335,-0.06560908212043919,-0.06147685178471685,0.5100237352988302,1.0,-3.822423781731893,0.9996767434854212,1.0,0.05,ok,0,DE_BE_66
WE_FE_41,q_time_min,0,greater,30.0,30.0,0.0,0.0,0.0,1.0,1.0,,1.0,1.0,0.05,ok,0,DE_BE_66
WE_FE_41,wait_ratio,0,greater,30.0,30.0,0.0,0.0,0.0,1.0,1.0,,1.0,1.0,0.05,ok,0,DE_BE_66
WE_FE_41,wip,0,greater,30.0,30.0,0.0,0.0,0.0,0.08613655230230642,1.0,0.0,0.5,0.9637096774193552,0.05,ok,0,DE_BE_66
WE_FE_41,available_tool_ratio,0,less,30.0,30.0,0.0,0.0,0.0,1.0,1.0,,1.0,1.0,0.05,ok,0,DE_BE_66
WE_FE_41,utilization_avg,0,greater,30.0,30.0,-0.007881583154719323,-0.07510632942773848,-0.06722474627301916,0.09142184416881893,1.0,-1.4824854035182482,0.9255012030437011,1.0,0.05,ok,0,DE_BE_66
WE_FE_47,q_time_min,0,greater,30.0,30.0,0.0,0.0,0.0,1.0,1.0,,1.0,1.0,0.05,ok,0,DE_BE_66
WE_FE_47,wait_ratio,0,greater,30.0,30.0,0.0,0.0,0.0,1.0,1.0,,1.0,1.0,0.05,ok,0,DE_BE_66
WE_FE_47,wip,0,greater,30.0,30.0,0.03333333333333333,0.0,-0.03333333333333333,0.09208427271568856,1.0,-0.10666307042453435,0.5421046291277243,1.0,0.05,ok,0,DE_BE_66
WE_FE_47,available_tool_ratio,0,less,30.0,30.0,0.0,0.0,0.0,1.0,1.0,,1.0,1.0,0.05,ok,0,DE_BE_66
WE_FE_47,utilization_avg,0,greater,30.0,30.0,0.005505678639761354,-0.15072767215300098,-0.15623335079276232,0.20634574104266845,1.0,-3.7560653984633636,0.999613725181953,1.0,0.05,ok,0,DE_BE_66
WE_FE_8,q_time_min,0,greater,30.0,30.0,0.0,0.0,0.0,0.0473309425547923,1.0,0.0,0.5,0.9637096774193552,0.05,ok,0,DE_BE_66
WE_FE_8,wait_ratio,0,greater,30.0,30.0,0.0,0.0,0.0,0.6763115379894535,1.0,0.0,0.5,0.9637096774193552,0.05,ok,0,DE_BE_66
WE_FE_8,wip,0,greater,30.0,30.0,0.03333333333333333,0.0,-0.03333333333333333,0.3803969168034355,1.0,-0.12591925519936067,0.5496676121302988,1.0,0.05,ok,0,DE_BE_66
WE_FE_8,available_tool_ratio,0,less,30.0,30.0,0.0,0.0,0.0,0.542679974102206,1.0,0.0,0.5,0.9637096774193552,0.05,ok,0,DE_BE_66
WE_FE_8,utilization_avg,0,greater,30.0,30.0,0.0001775124405372012,0.4946746267838837,0.4944971143433465,0.06903148590009346,1.0,6.46637670458994,2.234355799465141e-07,2.8105844003798354e-06,0.05,ok,1,DE_BE_66
WE_FE_83,q_time_min,0,greater,30.0,30.0,0.0,0.0,0.0,0.9909923861676211,1.0,0.0,0.5,0.9637096774193552,0.05,ok,0,DE_BE_66
WE_FE_83,wait_ratio,0,greater,30.0,30.0,0.0,0.0,0.0,0.51035187318483,1.0,0.0,0.5,0.9637096774193552,0.05,ok,0,DE_BE_66
WE_FE_83,wip,0,greater,30.0,30.0,0.0,0.0,0.0,0.031111831332819636,1.0,0.0,0.5,0.9637096774193552,0.05,ok,0,DE_BE_66
WE_FE_83,available_tool_ratio,0,less,30.0,30.0,0.0,0.0,0.0,0.47625875362560854,1.0,0.0,0.5,0.9637096774193552,0.05,ok,0,DE_BE_66
WE_FE_83,utilization_avg,0,greater,30.0,30.0,0.005355590362684624,-0.051968428226855795,-0.05732401858954042,0.057511600699243014,1.0,-1.3659684881827125,0.9087792154192249,1.0,0.05,ok,0,DE_BE_66
WE_FE_84,q_time_min,0,greater,30.0,30.0,0.0,0.0,0.0,0.5712684750191068,1.0,0.0,0.5,0.9637096774193552,0.05,ok,0,DE_BE_66
WE_FE_84,wait_ratio,0,greater,30.0,30.0,0.0,0.0,0.0,0.029639755884694162,1.0,0.0,0.5,0.9637096774193552,0.05,ok,0,DE_BE_66
WE_FE_84,wip,0,greater,30.0,30.0,0.03333333333333333,0.0,-0.03333333333333333,0.26735559340058296,1.0,-0.035735510762972315,0.514130947099994,0.9869662357983819,0.05,ok,0,DE_BE_66
WE_FE_84,available_tool_ratio,0,less,30.0,30.0,0.0,0.0,0.0,0.47625875362560854,1.0,0.0,0.5,0.9637096774193552,0.05,ok,0,DE_BE_66
WE_FE_84,utilization_avg,0,greater,30.0,30.0,-0.0035020286403588934,0.2726317640136093,0.27613379265396815,0.2851054412170818,1.0,9.138350140709584,2.441644926390148e-10,3.5366856812560327e-09,0.05,ok,1,DE_BE_66
WE_FE_85,q_time_min,0,greater,30.0,30.0,0.0,0.0,0.0,0.6019107739901391,1.0,0.0,0.5,0.9637096774193552,0.05,ok,0,DE_BE_66
WE_FE_85,wait_ratio,0,greater,30.0,30.0,0.0,0.0,0.0,0.6019107739901391,1.0,0.0,0.5,0.9637096774193552,0.05,ok,0,DE_BE_66
WE_FE_85,wip,0,greater,30.0,30.0,0.0,0.0,0.0,0.648907539207011,1.0,0.0,0.5,0.9637096774193552,0.05,ok,0,DE_BE_66
WE_FE_85,available_tool_ratio,0,less,30.0,30.0,0.0,0.0,0.0,1.0,1.0,,1.0,1.0,0.05,ok,0,DE_BE_66
WE_FE_85,utilization_avg,0,greater,30.0,30.0,0.0,0.0,0.0,0.01969443616861197,1.0,0.0,0.5,0.9637096774193552,0.05,ok,0,DE_BE_66
DE_BE_66,q_time_min,1,greater,,,,,,,,,,,0.05,in_g_star,0,DE_BE_66
DE_BE_66,wait_ratio,1,greater,,,,,,,,,,,0.05,in_g_star,0,DE_BE_66
DE_BE_66,wip,1,greater,,,,,,,,,,,0.05,in_g_star,0,DE_BE_66
DE_BE_66,available_tool_ratio,1,less,,,,,,,,,,,0.05,in_g_star,0,DE_BE_66
DE_BE_66,utilization_avg,1,greater,,,,,,,,,,,0.05,in_g_star,0,DE_BE_66
DefMEt_FE_118,q_time_min,1,greater,,,,,,,,,,,0.05,in_g_star,0,DE_BE_66
DefMEt_FE_118,wait_ratio,1,greater,,,,,,,,,,,0.05,in_g_star,0,DE_BE_66
DefMEt_FE_118,wip,1,greater,,,,,,,,,,,0.05,in_g_star,0,DE_BE_66
DefMEt_FE_118,available_tool_ratio,1,less,,,,,,,,,,,0.05,in_g_star,0,DE_BE_66
DefMEt_FE_118,utilization_avg,1,greater,,,,,,,,,,,0.05,in_g_star,0,DE_BE_66
Dielectric_FE_30,q_time_min,1,greater,,,,,,,,,,,0.05,in_g_star,0,DE_BE_66
Dielectric_FE_30,wait_ratio,1,greater,,,,,,,,,,,0.05,in_g_star,0,DE_BE_66
Dielectric_FE_30,wip,1,greater,,,,,,,,,,,0.05,in_g_star,0,DE_BE_66
Dielectric_FE_30,available_tool_ratio,1,less,,,,,,,,,,,0.05,in_g_star,0,DE_BE_66
Dielectric_FE_30,utilization_avg,1,greater,,,,,,,,,,,0.05,in_g_star,0,DE_BE_66
EPI_38,q_time_min,1,greater,,,,,,,,,,,0.05,in_g_star,0,DE_BE_66
EPI_38,wait_ratio,1,greater,,,,,,,,,,,0.05,in_g_star,0,DE_BE_66
EPI_38,wip,1,greater,,,,,,,,,,,0.05,in_g_star,0,DE_BE_66
EPI_38,available_tool_ratio,1,less,,,,,,,,,,,0.05,in_g_star,0,DE_BE_66
EPI_38,utilization_avg,1,greater,,,,,,,,,,,0.05,in_g_star,0,DE_BE_66
TF_Met_FE_61,q_time_min,1,greater,,,,,,,,,,,0.05,in_g_star,0,DE_BE_66
TF_Met_FE_61,wait_ratio,1,greater,,,,,,,,,,,0.05,in_g_star,0,DE_BE_66
TF_Met_FE_61,wip,1,greater,,,,,,,,,,,0.05,in_g_star,0,DE_BE_66
TF_Met_FE_61,available_tool_ratio,1,less,,,,,,,,,,,0.05,in_g_star,0,DE_BE_66
TF_Met_FE_61,utilization_avg,1,greater,,,,,,,,,,,0.05,in_g_star,0,DE_BE_66
